<?xml version="1.0" encoding="UTF-8" standalone="no"?>
<pack>
    <snippet actorid="0" attachedevent="true" class="scripts.ActorEvents_0" classname="scripts.ActorEvents_0" desc="Actor Specific Events" description="Actor Specific Events" design="true" drawOrder="0" id="0" name="ActorEvents_0" oid="-1" package="scripts." shared="false" type="actor">
        <boolean default="false" defaultValue="false" desc="" dropdown="" fullname="Damage Delay" hidden="true" id="2" name="_DamageDelay" order="0"/>
        <number default="0.0" defaultValue="0.0" desc="" dropdown="" fullname="Lifepoints" hidden="false" id="3" name="_Lifepoints" order="1"/>
        <animation default="" defaultValue="" desc="" dropdown="" fullname="PlayerAttackAnimation" hidden="false" id="4" name="_PlayerAttackAnimation" order="2"/>
        <animation default="" defaultValue="" desc="" dropdown="" fullname="Idle Animation" hidden="false" id="5" name="_IdleAnimation" order="3"/>
        <number default="0.0" defaultValue="0.0" desc="" dropdown="" fullname="X Direction" hidden="true" id="6" name="_XDirection" order="4"/>
        <animation default="" defaultValue="" desc="" dropdown="" fullname="Death Animation 1" hidden="false" id="7" name="_DeathAnimation1" order="5"/>
        <animation default="" defaultValue="" desc="" dropdown="" fullname="Death Animation 2" hidden="false" id="8" name="_DeathAnimation2" order="6"/>
        <animation default="" defaultValue="" desc="" dropdown="" fullname="Death Animation 3" hidden="false" id="9" name="_DeathAnimation3" order="7"/>
        <blocks/>
        <events>
            <event displayName="Player damage" enabled="true" id="1" name="event-collide-typetotype" order="4" repeats="true"/>
            <event displayName="Set Lifepoints" enabled="true" id="2" name="init" order="1" repeats="true"/>
        </events>
    </snippet>
    <snippet actorid="2" attachedevent="true" class="scripts.ActorEvents_2" classname="scripts.ActorEvents_2" desc="Actor Specific Events" description="Actor Specific Events" design="true" drawOrder="0" id="1" name="ActorEvents_2" oid="-1" package="scripts." shared="false" type="actor">
        <number default="0.0" defaultValue="0.0" desc="" dropdown="" fullname="X Direction" hidden="true" id="1" name="_XDirection" order="0"/>
        <actor default="" defaultValue="" desc="" dropdown="" fullname="Player Actor" hidden="true" id="2" name="_PlayerActor" order="1"/>
        <actortype default="" defaultValue="" desc="" dropdown="" fullname="Bullet Actor" hidden="false" id="3" name="_BulletActor" order="3"/>
        <number default="0.0" defaultValue="0.0" desc="" dropdown="" fullname="Bullet Y Offset" hidden="false" id="4" name="_BulletYOffset" order="4"/>
        <boolean default="false" defaultValue="false" desc="" dropdown="" fullname="Attack Delay" hidden="true" id="5" name="_AttackDelay" order="5"/>
        <animation default="" defaultValue="" desc="" dropdown="" fullname="Attack Animation" hidden="false" id="6" name="_AttackAnimation" order="6"/>
        <animation default="" defaultValue="" desc="" dropdown="" fullname="Idle Animation" hidden="false" id="7" name="_IdleAnimation" order="7"/>
        <number default="0.0" defaultValue="0.0" desc="" dropdown="" fullname="Fire Range" hidden="false" id="8" name="_FireRange" order="8"/>
        <number default="0" defaultValue="0" desc="" dropdown="" fullname="EnemyLifepoints" hidden="false" id="9" name="_EnemyLifepoints" order="2"/>
        <blocks/>
        <events/>
    </snippet>
    <snippet attachedevent="false" class="scripts.Design_4_4_HeroMove" classname="scripts.Design_4_4_HeroMove" desc="" description="" design="true" drawOrder="0" id="4" name="Hero Move" oid="-1" package="scripts" shared="false" type="actor">
        <actor default="thisactor" defaultValue="thisactor" desc="" dropdown="" fullname="Actor" hidden="true" id="2147483647" name="actor" order="0"/>
        <animation default="" defaultValue="" desc="" dropdown="" fullname="Walk" hidden="false" id="1" name="_Walk" order="1"/>
        <animation default="" defaultValue="" desc="" dropdown="" fullname="Idle" hidden="false" id="2" name="_Idle" order="2"/>
        <animation default="" defaultValue="" desc="" dropdown="" fullname="Jump" hidden="false" id="3" name="_Jump" order="3"/>
        <boolean default="false" defaultValue="false" desc="" dropdown="" fullname="Grounded?" hidden="true" id="4" name="_Grounded" order="4"/>
        <boolean default="false" defaultValue="false" desc="" dropdown="" fullname="In Air?" hidden="true" id="5" name="_InAir" order="5"/>
        <boolean default="false" defaultValue="false" desc="" dropdown="" fullname="Direction Left" hidden="true" id="6" name="_DirectionLeft" order="6"/>
        <boolean default="false" defaultValue="false" desc="" dropdown="" fullname="Attack Delay" hidden="true" id="7" name="_AttackDelay" order="7"/>
        <animation default="" defaultValue="" desc="" dropdown="" fullname="PlayerAttackAnimation" hidden="false" id="8" name="_PlayerAttackAnimation" order="8"/>
        <blocks/>
        <events>
            <event displayName="Movement" enabled="true" id="1" name="step" order="1" repeats="true"/>
            <event displayName="Actor - Group" enabled="true" id="2" name="event-collide-actortogroup" order="3" repeats="false"/>
            <event displayName="Actor stay on screen" enabled="true" id="3" name="step" order="2" repeats="true"/>
            <event displayName="Player direction" enabled="true" id="4" name="step" order="4" repeats="true"/>
            <event displayName="Player shoot" enabled="true" id="5" name="event-key-press-release" order="5" repeats="true"/>
        </events>
    </snippet>
    <snippet attachedevent="false" class="scripts.Design_5_5_EnemyBehaviour" classname="scripts.Design_5_5_EnemyBehaviour" desc="" description="" design="true" drawOrder="0" id="5" name="Enemy Shoot" oid="-1" package="scripts" shared="false" type="actor">
        <actor default="thisactor" defaultValue="thisactor" desc="" dropdown="" fullname="Actor" hidden="true" id="2147483647" name="actor" order="0"/>
        <actor default="" defaultValue="" desc="" dropdown="" fullname="Player Actor" hidden="true" id="1" name="_PlayerActor" order="1"/>
        <boolean default="false" defaultValue="false" desc="" dropdown="" fullname="Attack Delay" hidden="true" id="2" name="_AttackDelay" order="3"/>
        <animation default="" defaultValue="" desc="" dropdown="" fullname="Attack Animation" hidden="false" id="3" name="_AttackAnimation" order="4"/>
        <animation default="" defaultValue="" desc="" dropdown="" fullname="Idle Animation" hidden="false" id="4" name="_IdleAnimation" order="5"/>
        <actortype default="" defaultValue="" desc="" dropdown="" fullname="Bullet Actor" hidden="false" id="5" name="_BulletActor" order="6"/>
        <number default="0.0" defaultValue="0.0" desc="" dropdown="" fullname="Bullet Y Offset" hidden="false" id="6" name="_BulletYOffset" order="7"/>
        <number default="0.0" defaultValue="0.0" desc="" dropdown="" fullname="X Direction" hidden="true" id="7" name="_XDirection" order="8"/>
        <number default="0.0" defaultValue="0.0" desc="" dropdown="" fullname="Fire Range" hidden="false" id="8" name="_FireRange" order="2"/>
        <number default="0.0" defaultValue="0.0" desc="" dropdown="" fullname="Bullet Force" hidden="true" id="9" name="_BulletForce" order="9"/>
        <blocks/>
        <events>
            <event displayName="Enemy shoot" enabled="true" id="1" name="step" order="7" repeats="true"/>
            <event displayName="Set player actor" enabled="true" id="2" name="init" order="3" repeats="true"/>
        </events>
    </snippet>
    <snippet actorid="6" attachedevent="true" class="scripts.ActorEvents_6" classname="scripts.ActorEvents_6" desc="Actor Specific Events" description="Actor Specific Events" design="true" drawOrder="0" id="6" name="ActorEvents_6" oid="-1" package="scripts." shared="false" type="actor">
        <number default="0.0" defaultValue="0.0" desc="" dropdown="" fullname="Speed" hidden="false" id="1" name="_Speed" order="0"/>
        <number default="0.0" defaultValue="0.0" desc="" dropdown="" fullname="Bullet Force" hidden="true" id="2" name="_BulletForce" order="1"/>
        <blocks/>
        <events>
            <event displayName="Slowdown effect" enabled="true" id="1" name="step" order="1" repeats="true"/>
            <event displayName="Hit player kill" enabled="true" id="5" name="event-collide-actortotype" order="4" repeats="false"/>
            <event displayName="Kill exit screen" enabled="true" id="6" name="event-actor-screen" order="7" repeats="true"/>
        </events>
    </snippet>
    <snippet attachedevent="false" class="scripts.Design_7_7_LifepointManager" classname="scripts.Design_7_7_LifepointManager" desc="" description="" design="true" drawOrder="0" id="7" name="Lifepoint Manager" oid="-1" package="scripts" shared="false" type="scene">
        <boolean default="false" defaultValue="false" desc="" dropdown="" fullname="Damage Delay" hidden="true" id="2" name="_DamageDelay" order="1"/>
        <actor default="" defaultValue="" desc="" dropdown="" fullname="Player" hidden="false" id="3" name="_Player" order="2"/>
        <blocks/>
        <events/>
    </snippet>
    <snippet attachedevent="false" class="scripts.Design_8_8_sceneManger" classname="scripts.Design_8_8_sceneManger" desc="" description="" design="true" drawOrder="0" id="8" name="sceneManager" oid="-1" package="scripts" shared="false" type="scene">
        <actor default="" defaultValue="" desc="" dropdown="" fullname="Player Actor" hidden="false" id="1" name="_PlayerActor" order="0"/>
        <control default="" defaultValue="" desc="" dropdown="" fullname="Restart" hidden="false" id="2" name="_Restart" order="1"/>
        <blocks/>
        <events>
            <event displayName="Restart" enabled="true" id="1" name="event-key-press-release" order="1" repeats="true"/>
        </events>
    </snippet>
    <snippet attachedevent="true" class="scripts.SceneEvents_1" classname="scripts.SceneEvents_1" desc="Scene Specific Events" description="Scene Specific Events" design="true" drawOrder="0" id="11" name="SceneEvents_1" oid="-1" package="scripts." sceneid="1" shared="false" type="scene">
        <blocks/>
        <events/>
    </snippet>
    <snippet actorid="8" attachedevent="true" class="scripts.ActorEvents_8" classname="scripts.ActorEvents_8" desc="Actor Specific Events" description="Actor Specific Events" design="true" drawOrder="0" id="12" name="ActorEvents_8" oid="-1" package="scripts." shared="false" type="actor">
        <blocks/>
        <events>
            <event displayName="Slowdown effect" enabled="true" id="1" name="step" order="1" repeats="true"/>
            <event displayName="Hits enemy kill" enabled="true" id="2" name="event-collide-actortotype" order="2" repeats="true"/>
            <event displayName="Kill exit screen" enabled="true" id="4" name="event-actor-screen" order="4" repeats="true"/>
        </events>
    </snippet>
    <snippet attachedevent="false" class="scripts.Design_13_13_PlayerShoot" classname="scripts.Design_13_13_PlayerShoot" desc="" description="" design="true" drawOrder="0" id="13" name="Player Shoot" oid="-1" package="scripts" shared="false" type="actor">
        <actor default="thisactor" defaultValue="thisactor" desc="" dropdown="" fullname="Actor" hidden="true" id="2147483647" name="actor" order="0"/>
        <actortype default="8" defaultValue="8" desc="" dropdown="" fullname="PlayerBulletActor" hidden="false" id="1" name="_PlayerBulletActor" order="5"/>
        <animation default="" defaultValue="" desc="" dropdown="" fullname="PlayerAttackAnimation" hidden="false" id="2" name="_PlayerAttackAnimation" order="3"/>
        <actor default="" defaultValue="" desc="" dropdown="" fullname="Player Actor" hidden="true" id="3" name="_PlayerActor" order="1"/>
        <actortype default="" defaultValue="" desc="" dropdown="" fullname="Bullet Actor" hidden="true" id="4" name="_BulletActor" order="6"/>
        <number default="0.0" defaultValue="0.0" desc="" dropdown="" fullname="Bullet Y Offset" hidden="false" id="5" name="_BulletYOffset" order="7"/>
        <number default="0.0" defaultValue="0.0" desc="" dropdown="" fullname="X Direction" hidden="true" id="6" name="_XDirection" order="8"/>
        <boolean default="false" defaultValue="false" desc="" dropdown="" fullname="Attack Delay" hidden="true" id="7" name="_AttackDelay" order="9"/>
        <animation default="" defaultValue="" desc="" dropdown="" fullname="Idle Player Animation" hidden="false" id="9" name="_IdlePlayerAnimation" order="4"/>
        <boolean default="false" defaultValue="false" desc="" dropdown="" fullname="Direction Left" hidden="true" id="10" name="_DirectionLeft" order="10"/>
        <number default="0.0" defaultValue="0.0" desc="" dropdown="" fullname="Lifepoints" hidden="true" id="11" name="_Lifepoints" order="11"/>
        <blocks/>
        <events>
            <event displayName="Player shoot" enabled="false" id="1" name="event-key-press-release" order="4" repeats="true"/>
            <event displayName="Player direction" enabled="false" id="2" name="step" order="3" repeats="true"/>
        </events>
    </snippet>
    <snippet attachedevent="false" class="scripts.Design_14_14_EnemyDeath" classname="scripts.Design_14_14_EnemyDeath" desc="" description="" design="true" drawOrder="0" id="14" name="Enemy Death" oid="-1" package="scripts" shared="false" type="actor">
        <actor default="thisactor" defaultValue="thisactor" desc="" dropdown="" fullname="Actor" hidden="true" id="2147483647" name="actor" order="0"/>
        <animation default="" defaultValue="" desc="" dropdown="" fullname="Death Animation 1" hidden="false" id="1" name="_DeathAnimation1" order="1"/>
        <animation default="" defaultValue="" desc="" dropdown="" fullname="Death Animation 2" hidden="false" id="2" name="_DeathAnimation2" order="2"/>
        <animation default="" defaultValue="" desc="" dropdown="" fullname="Death Animation 3" hidden="false" id="3" name="_DeathAnimation3" order="3"/>
        <blocks/>
        <events>
            <event displayName="Enemy death" enabled="true" id="1" name="event-collide-actortotype" order="1" repeats="true"/>
        </events>
    </snippet>
    <snippet attachedevent="true" class="scripts.SceneEvents_2" classname="scripts.SceneEvents_2" desc="Scene Specific Events" description="Scene Specific Events" design="true" drawOrder="0" id="15" name="SceneEvents_2" oid="-1" package="scripts." sceneid="2" shared="false" type="scene">
        <blocks/>
        <events>
            <event displayName="Buttons" enabled="true" id="1" name="step" order="1" repeats="true"/>
        </events>
    </snippet>
    <snippet actorid="10" attachedevent="true" class="scripts.ActorEvents_10" classname="scripts.ActorEvents_10" desc="Actor Specific Events" description="Actor Specific Events" design="true" drawOrder="0" id="16" name="ActorEvents_10" oid="-1" package="scripts." shared="false" type="actor">
        <blocks/>
        <events/>
    </snippet>
    <snippet actorid="12" attachedevent="true" class="scripts.ActorEvents_12" classname="scripts.ActorEvents_12" desc="Actor Specific Events" description="Actor Specific Events" design="true" drawOrder="0" id="17" name="ActorEvents_12" oid="-1" package="scripts." shared="false" type="actor">
        <blocks/>
        <events/>
    </snippet>
    <snippet actorid="14" attachedevent="true" class="scripts.ActorEvents_14" classname="scripts.ActorEvents_14" desc="Actor Specific Events" description="Actor Specific Events" design="true" drawOrder="0" id="18" name="ActorEvents_14" oid="-1" package="scripts." shared="false" type="actor">
        <blocks/>
        <events/>
    </snippet>
    <snippet actorid="16" attachedevent="true" class="scripts.ActorEvents_16" classname="scripts.ActorEvents_16" desc="Actor Specific Events" description="Actor Specific Events" design="true" drawOrder="0" id="19" name="ActorEvents_16" oid="-1" package="scripts." shared="false" type="actor">
        <blocks/>
        <events/>
    </snippet>
    <snippet attachedevent="false" class="scripts.Design_20_20_MainMenu" classname="scripts.Design_20_20_MainMenu" desc="" description="" design="true" drawOrder="0" id="20" name="Main Menu" oid="-1" package="scripts" shared="false" type="scene">
        <blocks/>
        <events/>
    </snippet>
    <snippet attachedevent="true" class="scripts.SceneEvents_3" classname="scripts.SceneEvents_3" desc="Scene Specific Events" description="Scene Specific Events" design="true" drawOrder="0" id="21" name="SceneEvents_3" oid="-1" package="scripts." sceneid="3" shared="false" type="scene">
        <boolean default="false" defaultValue="false" desc="" dropdown="" fullname="Counter" hidden="false" id="1" name="_Counter" order="0"/>
        <blocks/>
        <events>
            <event displayName="Counter" enabled="true" id="4" name="init" order="5" repeats="true"/>
            <event displayName="On screen text" enabled="true" id="5" name="draw" order="6" repeats="true"/>
            <event displayName="Switch nex scene" enabled="true" id="6" name="event-actor-create-kill" order="7" repeats="true"/>
            <event displayName="Updating" enabled="true" id="7" name="step" order="8" repeats="true"/>
            <event displayName="Created" enabled="true" id="8" name="init" order="9" repeats="true"/>
        </events>
    </snippet>
</pack>
