<?xml version="1.0" encoding="UTF-8" standalone="no"?>
<scene depth="1" desc="" eventsnippetid="22" extheight="544" extwidth="1344" extx="-32" exty="-32" format="3.4.0" gravx="-0.0" gravy="45.0" height="480" id="4" name="Level 1" revision="" savecount="0" tiled="1" tileh="32" tilew="32" type="standard" width="1280">
    <layers>
        <color-bg blue="255" green="255" red="255"/>
        <background blendMode="normal" customScrollFactor="false" id="1" locked="true" name="Hex" opacity="100" order="1" rid="26" scrollFactorX="1.0" scrollFactorY="1.0" visible="true"/>
        <layer blendMode="normal" color="100,168,234" id="0" locked="false" name="Layer 0" opacity="100" order="0" scrollFactorX="1.0" scrollFactorY="1.0" visible="true"/>
    </layers>
    <joints/>
    <regions/>
    <terrainRegions/>
    <actors>
        <actor a="0.0" aid="1" c="false" group="0" id="0" name="Player 1" sx="1.0" sy="1.0" x="31" y="369" z="0"/>
    </actors>
    <snippets/>
    <terrain>
        <p pts="4,0.0,32.0,0.0,0.0,96.0,0.0,96.0,32.0" x="224.0" y="320.0"/>
        <p pts="8,0.0,96.0,0.0,32.0,96.0,32.0,96.0,0.0,192.0,0.0,192.0,32.0,1280.0,32.0,1280.0,96.0" x="0.0" y="384.0"/>
    </terrain>
    <atlases members="" retainAtlases="true"/>
</scene>
