<!--

  This file will get included twice - once at the beginning - once at the end.

  The first time though, the "vars" section is parsed, and this is where you can
   set variables to control the setup of the standard compilers and install paths etc.

  The second time, the "exes" section is parsed, and you can modify the linkers/compilers
   by adding flags to these executables.
  
-->

<xml>

  <!-- This section is parses at the beginning of the build .... -->
  <section id="vars">

		<setenv name="JAVA_HOME" value="" />
		<set name="ANDROID_HOST" value="windows" />
		<set name="ANDROID_SETUP" value="true" if="android" />
		<set name="ANDROID_SDK" value="F:\Super Not\stencylworks\android-sdk/android-sdk-windows/" if="android" />
		<set name="ANDROID_NDK_ROOT" value="F:\Super Not\stencylworks\android-sdk/android-ndk-r7b/" if="android" />
		<set name="ANT_HOME" value="F:\Super Not\stencylworks\android-sdk/apache-ant/" if="android" />
	</section>


  <!-- Use this section to add flags to the compilers and linkers -->
  <section id="exes">

     <!-- Compiling on windows ... -->
     <compiler id="MSVC" if="windows">
        <!-- Example adding a build flag -->
        <flag value = "-Ie:/VS8//PlatformSDK/Include"/>
     </compiler>

     <!-- Linking on windows ... -->
     <linker id="dll" if="windows">
        <!-- Add library paths for windows (DirectX needed for building NME) -->
        <flag value = "-libpath:e:\VS8\DirectXSDK\Lib\x86"/>
        <flag value = "-libpath:e:/VS8/PlatformSDK/Lib"/>
     </linker>

     <!-- And for linking executables -->
     <linker id="exe" if="windows">
        <flag value = "-libpath:e:/VS8/PlatformSDK/Lib"/>
     </linker>

  </section>

</xml>

