<?xml version="1.0" encoding="UTF-8" standalone="no"?>
<scene depth="1" desc="" eventsnippetid="3" extheight="544" extwidth="704" extx="-32" exty="-32" format="3.4.0" gravx="-0.0" gravy="45.0" height="480" id="0" name="First" revision="" savecount="0" tiled="1" tileh="32" tilew="32" type="standard" width="640">
    <layers>
        <color-bg blue="128" green="128" red="128"/>
        <background blendMode="normal" customScrollFactor="false" id="1" locked="true" name="Background" opacity="100" order="1" rid="4" scrollFactorX="1.0" scrollFactorY="1.0" visible="true"/>
        <layer blendMode="normal" color="100,168,234" id="0" locked="false" name="Layer 0" opacity="100" order="0" scrollFactorX="1.0" scrollFactorY="1.0" visible="true"/>
    </layers>
    <joints/>
    <regions/>
    <terrainRegions/>
    <actors>
        <actor a="0.0" aid="5" c="true" group="4" id="2" name="Enemy 5" sx="1.0" sy="1.0" x="577" y="321" z="0">
            <snippets>
                <s enabled="true" id="1"/>
                <s enabled="true" id="5">
                    <prop id="2147483647" list="0" val="thisactor"/>
                    <prop id="1" list="0" val="7"/>
                    <prop id="2" list="0" val="false"/>
                    <prop id="3" list="0" val="Punch"/>
                    <prop id="4" list="0" val="Stand"/>
                    <prop id="5" list="0" val="6"/>
                    <prop id="6" list="0" val="3"/>
                    <prop id="7" list="0" val="0"/>
                </s>
            </snippets>
        </actor>
        <actor a="0.0" aid="6" c="true" group="4" id="2" name="Enemy 6" sx="1.0" sy="1.0" x="480" y="224" z="0">
            <snippets>
                <s enabled="true" id="1"/>
                <s enabled="true" id="5">
                    <prop id="2147483647" list="0" val="thisactor"/>
                    <prop id="1" list="0" val="7"/>
                    <prop id="2" list="0" val="false"/>
                    <prop id="3" list="0" val="Punch"/>
                    <prop id="4" list="0" val="Stand"/>
                    <prop id="5" list="0" val="6"/>
                    <prop id="6" list="0" val="3"/>
                    <prop id="7" list="0" val="0"/>
                </s>
            </snippets>
        </actor>
        <actor a="0.0" aid="7" c="true" group="0" id="0" name="Player 7" sx="1.0" sy="1.0" x="32" y="224" z="0">
            <snippets>
                <s enabled="true" id="0"/>
                <s enabled="true" id="4">
                    <prop id="2147483647" list="0" val="thisactor"/>
                    <prop id="1" list="0" val="Walk"/>
                    <prop id="2" list="0" val="Stand"/>
                    <prop id="3" list="0" val="Jump"/>
                    <prop id="4" list="0" val="false"/>
                    <prop id="5" list="0" val="false"/>
                </s>
            </snippets>
        </actor>
    </actors>
    <snippets>
        <s enabled="true" id="7">
            <prop id="1" list="0" val="3"/>
            <prop id="2" list="0" val="false"/>
        </s>
        <s enabled="true" id="8">
            <prop id="1" list="0" val="7"/>
        </s>
    </snippets>
    <terrain>
        <p pts="8,640.0,32.0,640.0,128.0,0.0,128.0,0.0,32.0,160.0,32.0,160.0,0.0,256.0,0.0,256.0,32.0" x="0.0" y="352.0"/>
        <p pts="4,0.0,32.0,0.0,0.0,96.0,0.0,96.0,32.0" x="416.0" y="288.0"/>
        <p pts="4,96.0,0.0,96.0,32.0,0.0,32.0,0.0,0.0" x="288.0" y="320.0"/>
    </terrain>
    <atlases members="" retainAtlases="true"/>
</scene>
