<?xml version="1.0" encoding="UTF-8" standalone="no"?>
<pack>
    <background atlasID="0" desc="" durations="100" dx="-0.0" dy="-0.0" height="480" id="4" name="Background" numframes="1" oid="-1" repeats="true" resized="false" shared="false" width="640" xpf="1.0" ypf="1.0"/>
    <actor adamp="0.0" ascale="true" atlasID="0" bodytype="2" continuous="true" desc="" eventsnippetid="6" fixedrot="true" fric="0.2" gid="5" id="6" ignoreg="true" inertia="1.0" ldamp="0.0" mass="1.0" name="Bullet" oid="-1" pausable="true" physicsMode="0" rest="0.0" shared="false" sprite="7" static="false">
        <snippets/>
    </actor>
    <sprite atlasID="0" default="0" defaultAnimation="0" desc="" height="4" id="7" name="Bullet" shared="false" width="12">
        <anim across="2" down="2" durations="100,100,100,100" height="8" id="0" loop="true" name="Animation 0" numframes="4" originx="6" originy="2" sync="false" version="2" width="24">
            <poly data="4,0,0,12,0,12,4,0,4" density="0.1" fric="0.2" gid="-1000" id="-1" name="default" rest="0.0" sensor="true"/>
        </anim>
    </sprite>
    <background atlasID="0" desc="" durations="100" dx="-0.0" dy="-0.0" height="480" id="45" name="Dark Hex" numframes="1" oid="-1" repeats="true" resized="false" shared="false" width="640" xpf="1.0" ypf="1.0"/>
    <tileset across="5" atlasID="0" desc="" down="7" id="29" name="DarkGray" oid="-1" shared="false" th="32" tw="32">
        <tile collision="8" data="" durations="100" frames="0" id="0" order="-1"/>
        <tile collision="0" data="" durations="100" frames="1" id="1" order="-1"/>
        <tile collision="0" data="" durations="100" frames="2" id="2" order="-1"/>
        <tile collision="7" data="" durations="100" frames="3" id="3" order="-1"/>
        <tile collision="0" data="" durations="100" frames="4" id="4" order="-1"/>
        <tile collision="6" data="" durations="100" frames="5" id="5" order="-1"/>
        <tile collision="0" data="" durations="100" frames="6" id="6" order="-1"/>
        <tile collision="0" data="" durations="100" frames="7" id="7" order="-1"/>
        <tile collision="5" data="" durations="100" frames="8" id="8" order="-1"/>
        <tile collision="0" data="" durations="100" frames="9" id="9" order="-1"/>
        <tile collision="0" data="" durations="100" frames="10" id="10" order="-1"/>
        <tile collision="0" data="" durations="100" frames="11" id="11" order="-1"/>
        <tile collision="0" data="" durations="100" frames="12" id="12" order="-1"/>
        <tile collision="0" data="" durations="100" frames="13" id="13" order="-1"/>
        <tile collision="0" data="" durations="100" frames="14" id="14" order="-1"/>
        <tile collision="26" data="" durations="100" frames="15" id="15" order="-1"/>
        <tile collision="26" data="" durations="100" frames="16" id="16" order="-1"/>
        <tile collision="0" data="" durations="100" frames="17" id="17" order="-1"/>
        <tile collision="27" data="" durations="100" frames="18" id="18" order="-1"/>
        <tile collision="27" data="" durations="100" frames="19" id="19" order="-1"/>
        <tile collision="0" data="" durations="100" frames="20" id="20" order="-1"/>
        <tile collision="0" data="" durations="100" frames="21" id="21" order="-1"/>
        <tile collision="0" data="" durations="100" frames="22" id="22" order="-1"/>
        <tile collision="0" data="" durations="100" frames="23" id="23" order="-1"/>
        <tile collision="0" data="" durations="100" frames="24" id="24" order="-1"/>
        <tile collision="28" data="" durations="100" frames="25" id="25" order="-1"/>
        <tile collision="29" data="" durations="100" frames="26" id="26" order="-1"/>
        <tile collision="0" data="" durations="100" frames="27" id="27" order="-1"/>
        <tile collision="30" data="" durations="100" frames="28" id="28" order="-1"/>
        <tile collision="30" data="" durations="100" frames="29" id="29" order="-1"/>
        <tile collision="28" data="" durations="100" frames="30" id="30" order="-1"/>
        <tile collision="29" data="" durations="100" frames="31" id="31" order="-1"/>
        <tile collision="0" data="" durations="100" frames="32" id="32" order="-1"/>
        <tile collision="0" data="" durations="100" frames="33" id="33" order="-1"/>
        <tile collision="0" data="" durations="100" frames="34" id="34" order="-1"/>
    </tileset>
    <actor adamp="0.0" ascale="true" atlasID="0" bodytype="2" continuous="true" desc="" eventsnippetid="1" fixedrot="true" fric="0.2" gid="4" id="2" ignoreg="false" inertia="1.0" ldamp="0.0" mass="40.0" name="Enemy" oid="-1" pausable="true" physicsMode="0" rest="0.0" shared="false" sprite="3" static="false">
        <snippets>
            <s enabled="true" id="5">
                <prop id="2147483647" list="0" val="thisactor"/>
                <prop id="1" list="0" val=""/>
                <prop id="2" list="0" val="false"/>
                <prop id="3" list="0" val="Punch"/>
                <prop id="4" list="0" val="Stand"/>
                <prop id="5" list="0" val="6"/>
                <prop id="6" list="0" val="0"/>
                <prop id="7" list="0" val="0"/>
                <prop id="8" list="0" val="600"/>
                <prop id="9" list="0" val="0"/>
            </s>
            <s enabled="true" id="14">
                <prop id="2147483647" list="0" val="thisactor"/>
                <prop id="1" list="0" val="Death"/>
                <prop id="2" list="0" val="Death 2"/>
                <prop id="3" list="0" val="Death 3"/>
            </s>
        </snippets>
    </actor>
    <sprite atlasID="0" default="2" defaultAnimation="2" desc="" height="45" id="3" name="Enemy" shared="false" width="16">
        <anim across="3" down="2" durations="100,100,100,100,100,100" height="90" id="1" loop="true" name="Walking" numframes="6" originx="9" originy="22" sync="false" version="2" width="54">
            <poly data="4,4,0,14,0,14,45,4,45" density="0.1" fric="0.2" gid="-1000" id="0" name="Walking" rest="0.0" sensor="false"/>
        </anim>
        <anim across="1" down="1" durations="100" height="45" id="2" loop="true" name="Stand" numframes="1" originx="8" originy="22" sync="false" version="2" width="16">
            <poly data="4,4,0,14,0,14,45,4,45" density="0.1" fric="0.2" gid="4" id="0" name="Stand" rest="0.0" sensor="false"/>
        </anim>
        <anim across="2" down="2" durations="100,100,100" height="86" id="5" loop="true" name="Punch" numframes="3" originx="12" originy="21" sync="false" version="2" width="48">
            <poly data="4,8,0,18,0,18,43,8,43" density="0.1" fric="0.2" gid="-1000" id="0" name="Punch" rest="0.0" sensor="false"/>
        </anim>
        <anim across="1" down="1" durations="300" height="41" id="6" loop="true" name="Death" numframes="1" originx="8" originy="20" sync="false" version="2" width="17">
            <poly data="4,0,0,17,0,17,41,0,41" density="0.1" fric="0.2" gid="-1000" id="0" name="Death" rest="0.0" sensor="false"/>
        </anim>
        <anim across="1" down="1" durations="400" height="22" id="7" loop="true" name="Death 2" numframes="1" originx="17" originy="11" sync="false" version="2" width="35">
            <poly data="4,0,2,30,2,30,17,0,17" density="0.1" fric="0.2" gid="-1000" id="0" name="Death 2" rest="0.0" sensor="false"/>
        </anim>
        <anim across="1" down="1" durations="200" height="8" id="8" loop="true" name="Death 3" numframes="1" originx="22" originy="4" sync="false" version="2" width="45">
            <poly data="4,0,0,45,0,45,8,0,8" density="0.1" fric="0.2" gid="-1000" id="0" name="Death 3" rest="0.0" sensor="false"/>
        </anim>
    </sprite>
    <tileset across="5" atlasID="0" desc="" down="7" id="31" name="Gray" oid="-1" shared="false" th="32" tw="32">
        <tile collision="8" data="" durations="100" frames="0" id="0" order="-1"/>
        <tile collision="0" data="" durations="100" frames="1" id="1" order="-1"/>
        <tile collision="0" data="" durations="100" frames="2" id="2" order="-1"/>
        <tile collision="7" data="" durations="100" frames="3" id="3" order="-1"/>
        <tile collision="0" data="" durations="100" frames="4" id="4" order="-1"/>
        <tile collision="6" data="" durations="100" frames="5" id="5" order="-1"/>
        <tile collision="0" data="" durations="100" frames="6" id="6" order="-1"/>
        <tile collision="0" data="" durations="100" frames="7" id="7" order="-1"/>
        <tile collision="5" data="" durations="100" frames="8" id="8" order="-1"/>
        <tile collision="0" data="" durations="100" frames="9" id="9" order="-1"/>
        <tile collision="0" data="" durations="100" frames="10" id="10" order="-1"/>
        <tile collision="0" data="" durations="100" frames="11" id="11" order="-1"/>
        <tile collision="0" data="" durations="100" frames="12" id="12" order="-1"/>
        <tile collision="0" data="" durations="100" frames="13" id="13" order="-1"/>
        <tile collision="0" data="" durations="100" frames="14" id="14" order="-1"/>
        <tile collision="26" data="" durations="100" frames="15" id="15" order="-1"/>
        <tile collision="26" data="" durations="100" frames="16" id="16" order="-1"/>
        <tile collision="0" data="" durations="100" frames="17" id="17" order="-1"/>
        <tile collision="27" data="" durations="100" frames="18" id="18" order="-1"/>
        <tile collision="27" data="" durations="100" frames="19" id="19" order="-1"/>
        <tile collision="0" data="" durations="100" frames="20" id="20" order="-1"/>
        <tile collision="0" data="" durations="100" frames="21" id="21" order="-1"/>
        <tile collision="0" data="" durations="100" frames="22" id="22" order="-1"/>
        <tile collision="0" data="" durations="100" frames="23" id="23" order="-1"/>
        <tile collision="0" data="" durations="100" frames="24" id="24" order="-1"/>
        <tile collision="28" data="" durations="100" frames="25" id="25" order="-1"/>
        <tile collision="29" data="" durations="100" frames="26" id="26" order="-1"/>
        <tile collision="0" data="" durations="100" frames="27" id="27" order="-1"/>
        <tile collision="30" data="" durations="100" frames="28" id="28" order="-1"/>
        <tile collision="30" data="" durations="100" frames="29" id="29" order="-1"/>
        <tile collision="28" data="" durations="100" frames="30" id="30" order="-1"/>
        <tile collision="29" data="" durations="100" frames="31" id="31" order="-1"/>
        <tile collision="0" data="" durations="100" frames="32" id="32" order="-1"/>
        <tile collision="0" data="" durations="100" frames="33" id="33" order="-1"/>
        <tile collision="0" data="" durations="100" frames="34" id="34" order="-1"/>
    </tileset>
    <actor adamp="0.0" ascale="true" atlasID="0" bodytype="0" continuous="true" desc="" eventsnippetid="24" fixedrot="true" fric="0.2" gid="9" id="35" ignoreg="true" inertia="1.0" ldamp="0.0" mass="1.0" name="GreenTile" oid="-1" pausable="true" physicsMode="0" rest="0.0" shared="false" sprite="36" static="true">
        <snippets/>
    </actor>
    <sprite atlasID="0" default="0" defaultAnimation="0" desc="" height="32" id="36" name="GreenTile" shared="false" width="32">
        <anim across="1" down="1" durations="100" height="32" id="0" loop="true" name="GreenTile" numframes="1" originx="16" originy="16" sync="false" version="2" width="32">
            <poly data="4,0,0,32,0,32,32,0,32" density="0.1" fric="0.2" gid="-1000" id="0" name="Animation 0" rest="0.0" sensor="false"/>
        </anim>
    </sprite>
    <background atlasID="0" desc="" durations="100" dx="-0.0" dy="-0.0" height="480" id="26" name="Hex" numframes="1" oid="-1" repeats="true" resized="false" shared="false" width="640" xpf="1.0" ypf="1.0"/>
    <tileset across="5" atlasID="0" desc="" down="7" id="30" name="LightGray" oid="-1" shared="false" th="32" tw="32">
        <tile collision="8" data="" durations="100" frames="0" id="0" order="-1"/>
        <tile collision="0" data="" durations="100" frames="1" id="1" order="-1"/>
        <tile collision="0" data="" durations="100" frames="2" id="2" order="-1"/>
        <tile collision="7" data="" durations="100" frames="3" id="3" order="-1"/>
        <tile collision="0" data="" durations="100" frames="4" id="4" order="-1"/>
        <tile collision="6" data="" durations="100" frames="5" id="5" order="-1"/>
        <tile collision="0" data="" durations="100" frames="6" id="6" order="-1"/>
        <tile collision="0" data="" durations="100" frames="7" id="7" order="-1"/>
        <tile collision="5" data="" durations="100" frames="8" id="8" order="-1"/>
        <tile collision="0" data="" durations="100" frames="9" id="9" order="-1"/>
        <tile collision="0" data="" durations="100" frames="10" id="10" order="-1"/>
        <tile collision="0" data="" durations="100" frames="11" id="11" order="-1"/>
        <tile collision="0" data="" durations="100" frames="12" id="12" order="-1"/>
        <tile collision="0" data="" durations="100" frames="13" id="13" order="-1"/>
        <tile collision="0" data="" durations="100" frames="14" id="14" order="-1"/>
        <tile collision="26" data="" durations="100" frames="15" id="15" order="-1"/>
        <tile collision="26" data="" durations="100" frames="16" id="16" order="-1"/>
        <tile collision="0" data="" durations="100" frames="17" id="17" order="-1"/>
        <tile collision="27" data="" durations="100" frames="18" id="18" order="-1"/>
        <tile collision="27" data="" durations="100" frames="19" id="19" order="-1"/>
        <tile collision="0" data="" durations="100" frames="20" id="20" order="-1"/>
        <tile collision="0" data="" durations="100" frames="21" id="21" order="-1"/>
        <tile collision="0" data="" durations="100" frames="22" id="22" order="-1"/>
        <tile collision="0" data="" durations="100" frames="23" id="23" order="-1"/>
        <tile collision="0" data="" durations="100" frames="24" id="24" order="-1"/>
        <tile collision="28" data="" durations="100" frames="25" id="25" order="-1"/>
        <tile collision="29" data="" durations="100" frames="26" id="26" order="-1"/>
        <tile collision="0" data="" durations="100" frames="27" id="27" order="-1"/>
        <tile collision="30" data="" durations="100" frames="28" id="28" order="-1"/>
        <tile collision="30" data="" durations="100" frames="29" id="29" order="-1"/>
        <tile collision="28" data="" durations="100" frames="30" id="30" order="-1"/>
        <tile collision="29" data="" durations="100" frames="31" id="31" order="-1"/>
        <tile collision="0" data="" durations="100" frames="32" id="32" order="-1"/>
        <tile collision="0" data="" durations="100" frames="33" id="33" order="-1"/>
        <tile collision="0" data="" durations="100" frames="34" id="34" order="-1"/>
    </tileset>
    <sprite atlasID="0" default="1" defaultAnimation="1" desc="" height="21" id="11" name="Menu Assets" shared="false" width="64">
        <anim across="2" down="1" durations="500,500" height="21" id="0" loop="true" name="Play Animation" numframes="2" originx="32" originy="10" sync="false" version="2" width="128">
            <poly data="4,0,0,64,0,64,21,0,21" density="0.1" fric="0.2" gid="-1000" id="0" name="Animation 0" rest="0.0" sensor="false"/>
        </anim>
        <anim across="1" down="1" durations="100" height="21" id="1" loop="true" name="Play" numframes="1" originx="32" originy="10" sync="false" version="2" width="64">
            <poly data="4,0,0,64,0,64,21,0,21" density="0.1" fric="0.2" gid="-1000" id="0" name="Play" rest="0.0" sensor="false"/>
        </anim>
    </sprite>
    <actor adamp="0.0" ascale="true" atlasID="0" bodytype="2" continuous="true" desc="" eventsnippetid="18" fixedrot="false" fric="0.2" gid="7" id="14" ignoreg="false" inertia="1.0" ldamp="0.0" mass="1.0" name="Menu Exit" oid="-1" pausable="true" physicsMode="0" rest="0.0" shared="false" sprite="15" static="false">
        <snippets/>
    </actor>
    <sprite atlasID="0" default="1" defaultAnimation="1" desc="" height="21" id="15" name="Menu Exit" shared="false" width="64">
        <anim across="2" down="1" durations="500,500" height="21" id="0" loop="true" name="Exit Animation" numframes="2" originx="32" originy="10" sync="false" version="2" width="128">
            <poly data="4,0,0,64,0,64,21,0,21" density="0.1" fric="0.2" gid="-1000" id="0" name="Animation 0" rest="0.0" sensor="false"/>
        </anim>
        <anim across="1" down="1" durations="100" height="21" id="1" loop="true" name="Exit" numframes="1" originx="32" originy="10" sync="false" version="2" width="64">
            <poly data="4,0,0,64,0,64,21,0,21" density="0.1" fric="0.2" gid="-1000" id="0" name="Exit" rest="0.0" sensor="false"/>
        </anim>
    </sprite>
    <actor adamp="0.0" ascale="true" atlasID="0" bodytype="2" continuous="true" desc="" eventsnippetid="17" fixedrot="false" fric="0.2" gid="7" id="12" ignoreg="false" inertia="1.0" ldamp="0.0" mass="1.0" name="Menu Help" oid="-1" pausable="true" physicsMode="0" rest="0.0" shared="false" sprite="13" static="false">
        <snippets/>
    </actor>
    <sprite atlasID="0" default="0" defaultAnimation="0" desc="" height="21" id="13" name="Menu Help" shared="false" width="64">
        <anim across="1" down="1" durations="100" height="21" id="0" loop="true" name="Help" numframes="1" originx="32" originy="10" sync="false" version="2" width="64">
            <poly data="4,0,0,64,0,64,21,0,21" density="0.1" fric="0.2" gid="-1000" id="0" name="Help" rest="0.0" sensor="false"/>
        </anim>
        <anim across="2" down="1" durations="500,500" height="21" id="1" loop="true" name="Help Animation" numframes="2" originx="32" originy="10" sync="false" version="2" width="128">
            <poly data="4,0,0,64,0,64,21,0,21" density="0.1" fric="0.2" gid="-1000" id="0" name="Help" rest="0.0" sensor="false"/>
        </anim>
    </sprite>
    <actor adamp="0.0" ascale="true" atlasID="0" bodytype="2" continuous="true" desc="" eventsnippetid="16" fixedrot="false" fric="0.2" gid="7" id="10" ignoreg="false" inertia="1.0" ldamp="0.0" mass="1.0" name="Menu Play" oid="-1" pausable="true" physicsMode="0" rest="0.0" shared="false" sprite="11" static="false">
        <snippets/>
    </actor>
    <actor adamp="0.0" ascale="true" atlasID="0" bodytype="2" continuous="true" desc="" eventsnippetid="19" fixedrot="false" fric="0.2" gid="7" id="16" ignoreg="false" inertia="1.0" ldamp="0.0" mass="1.0" name="Menu Title" oid="-1" pausable="true" physicsMode="0" rest="0.0" shared="false" sprite="17" static="false">
        <snippets/>
    </actor>
    <sprite atlasID="0" default="0" defaultAnimation="0" desc="" height="32" id="17" name="Menu Title" shared="false" width="144">
        <anim across="1" down="1" durations="100" height="32" id="0" loop="true" name="Title" numframes="1" originx="72" originy="16" sync="false" version="2" width="144">
            <poly data="4,0,0,144,0,144,32,0,32" density="0.1" fric="0.2" gid="-1000" id="0" name="Title" rest="0.0" sensor="false"/>
        </anim>
    </sprite>
    <actor adamp="0.0" ascale="true" atlasID="0" bodytype="2" continuous="true" desc="" eventsnippetid="0" fixedrot="true" fric="0.2" gid="0" id="0" ignoreg="false" inertia="1.0" ldamp="0.0" mass="1.0" name="Player" oid="-1" pausable="true" physicsMode="0" rest="0.0" shared="false" sprite="1" static="false">
        <snippets>
            <s enabled="true" id="4">
                <prop id="2147483647" list="0" val="thisactor"/>
                <prop id="1" list="0" val="Walk"/>
                <prop id="2" list="0" val="Stand"/>
                <prop id="3" list="0" val="Jump"/>
                <prop id="4" list="0" val="false"/>
                <prop id="5" list="0" val="false"/>
                <prop id="6" list="0" val="false"/>
                <prop id="7" list="0" val="false"/>
                <prop id="8" list="0" val="Punch"/>
                <prop id="9" list="0" val="Stand"/>
            </s>
            <s enabled="false" id="13">
                <prop id="2147483647" list="0" val="thisactor"/>
                <prop id="1" list="0" val="8"/>
                <prop id="2" list="0" val="Punch"/>
                <prop id="3" list="0" val=""/>
                <prop id="4" list="0" val="8"/>
                <prop id="5" list="0" val="0"/>
                <prop id="6" list="0" val="0.0"/>
                <prop id="7" list="0" val="false"/>
                <prop id="8" list="0" val="600"/>
                <prop id="9" list="0" val="Stand"/>
                <prop id="10" list="0" val="false"/>
                <prop id="11" list="0" val="0.0"/>
            </s>
        </snippets>
    </actor>
    <sprite atlasID="0" default="1" defaultAnimation="1" desc="" height="45" id="1" name="Player" shared="false" width="16">
        <anim across="3" down="2" durations="100,100,100,100,100,100" height="90" id="0" loop="true" name="Walk" numframes="6" originx="9" originy="22" sync="false" version="2" width="54">
            <poly data="4,4,0,14,0,14,45,4,45" density="0.1" fric="0.2" gid="-1000" id="0" name="Walk" rest="0.0" sensor="false"/>
        </anim>
        <anim across="1" down="1" durations="100" height="45" id="1" loop="true" name="Stand" numframes="1" originx="8" originy="22" sync="false" version="2" width="16">
            <poly data="4,4,0,13,0,13,46,4,46" density="0.1" fric="0.2" gid="-1000" id="0" name="Stand" rest="0.0" sensor="false"/>
        </anim>
        <anim across="2" down="2" durations="100,100,100" height="86" id="2" loop="true" name="Punch" numframes="3" originx="12" originy="21" sync="false" version="2" width="48">
            <poly data="4,8,0,18,0,18,43,8,43" density="0.1" fric="0.2" gid="-1000" id="0" name="Punch" rest="0.0" sensor="false"/>
        </anim>
        <anim across="2" down="2" durations="100,100,100" height="92" id="3" loop="false" name="Jump" numframes="3" originx="10" originy="23" sync="false" version="2" width="40">
            <poly data="4,3,0,12,0,12,37,3,37" density="0.1" fric="0.2" gid="-1000" id="0" name="Jump" rest="0.0" sensor="false"/>
        </anim>
    </sprite>
    <actor adamp="0.0" ascale="true" atlasID="0" bodytype="2" continuous="true" desc="" eventsnippetid="12" fixedrot="true" fric="0.2" gid="6" id="8" ignoreg="true" inertia="1.0" ldamp="0.0" mass="1.0" name="PlayerBullet" oid="-1" pausable="true" physicsMode="0" rest="0.0" shared="false" sprite="9" static="false">
        <snippets/>
    </actor>
    <sprite atlasID="0" default="0" defaultAnimation="0" desc="" height="4" id="9" name="PlayerBullet" shared="false" width="12">
        <anim across="2" down="2" durations="100,100,100,100" height="8" id="0" loop="true" name="Animation 0" numframes="4" originx="6" originy="2" sync="false" version="2" width="24">
            <poly data="4,0,0,12,0,12,4,0,4" density="0.1" fric="0.2" gid="-1000" id="0" name="Animation 0" rest="0.0" sensor="false"/>
        </anim>
    </sprite>
    <tileset across="5" atlasID="0" desc="" down="7" id="32" name="Red" oid="-1" shared="false" th="32" tw="32">
        <tile collision="8" data="" durations="100" frames="0" id="0" order="-1"/>
        <tile collision="0" data="" durations="100" frames="1" id="1" order="-1"/>
        <tile collision="0" data="" durations="100" frames="2" id="2" order="-1"/>
        <tile collision="7" data="" durations="100" frames="3" id="3" order="-1"/>
        <tile collision="0" data="" durations="100" frames="4" id="4" order="-1"/>
        <tile collision="6" data="" durations="100" frames="5" id="5" order="-1"/>
        <tile collision="0" data="" durations="100" frames="6" id="6" order="-1"/>
        <tile collision="0" data="" durations="100" frames="7" id="7" order="-1"/>
        <tile collision="5" data="" durations="100" frames="8" id="8" order="-1"/>
        <tile collision="0" data="" durations="100" frames="9" id="9" order="-1"/>
        <tile collision="0" data="" durations="100" frames="10" id="10" order="-1"/>
        <tile collision="0" data="" durations="100" frames="11" id="11" order="-1"/>
        <tile collision="0" data="" durations="100" frames="12" id="12" order="-1"/>
        <tile collision="0" data="" durations="100" frames="13" id="13" order="-1"/>
        <tile collision="0" data="" durations="100" frames="14" id="14" order="-1"/>
        <tile collision="26" data="" durations="100" frames="15" id="15" order="-1"/>
        <tile collision="26" data="" durations="100" frames="16" id="16" order="-1"/>
        <tile collision="0" data="" durations="100" frames="17" id="17" order="-1"/>
        <tile collision="27" data="" durations="100" frames="18" id="18" order="-1"/>
        <tile collision="27" data="" durations="100" frames="19" id="19" order="-1"/>
        <tile collision="0" data="" durations="100" frames="20" id="20" order="-1"/>
        <tile collision="0" data="" durations="100" frames="21" id="21" order="-1"/>
        <tile collision="0" data="" durations="100" frames="22" id="22" order="-1"/>
        <tile collision="0" data="" durations="100" frames="23" id="23" order="-1"/>
        <tile collision="0" data="" durations="100" frames="24" id="24" order="-1"/>
        <tile collision="28" data="" durations="100" frames="25" id="25" order="-1"/>
        <tile collision="29" data="" durations="100" frames="26" id="26" order="-1"/>
        <tile collision="0" data="" durations="100" frames="27" id="27" order="-1"/>
        <tile collision="30" data="" durations="100" frames="28" id="28" order="-1"/>
        <tile collision="30" data="" durations="100" frames="29" id="29" order="-1"/>
        <tile collision="28" data="" durations="100" frames="30" id="30" order="-1"/>
        <tile collision="29" data="" durations="100" frames="31" id="31" order="-1"/>
        <tile collision="0" data="" durations="100" frames="32" id="32" order="-1"/>
        <tile collision="0" data="" durations="100" frames="33" id="33" order="-1"/>
        <tile collision="0" data="" durations="100" frames="34" id="34" order="-1"/>
    </tileset>
    <actor adamp="0.0" ascale="true" atlasID="0" bodytype="0" continuous="true" desc="" eventsnippetid="22" fixedrot="true" fric="0.2" gid="8" id="33" ignoreg="true" inertia="1.0" ldamp="0.0" mass="1.0" name="RedTile1" oid="-1" pausable="true" physicsMode="0" rest="0.0" shared="false" sprite="34" static="true">
        <snippets/>
    </actor>
    <actor adamp="0.0" ascale="true" atlasID="0" bodytype="0" continuous="true" desc="" eventsnippetid="25" fixedrot="true" fric="0.2" gid="8" id="39" ignoreg="true" inertia="1.0" ldamp="0.0" mass="1.0" name="RedTile2" oid="-1" pausable="true" physicsMode="0" rest="0.0" shared="false" sprite="40" static="true">
        <snippets/>
    </actor>
    <actor adamp="0.0" ascale="true" atlasID="0" bodytype="0" continuous="true" desc="" eventsnippetid="26" fixedrot="true" fric="0.2" gid="8" id="41" ignoreg="true" inertia="1.0" ldamp="0.0" mass="1.0" name="RedTile3" oid="-1" pausable="true" physicsMode="0" rest="0.0" shared="false" sprite="42" static="true">
        <snippets/>
    </actor>
    <actor adamp="0.0" ascale="true" atlasID="0" bodytype="0" continuous="true" desc="" eventsnippetid="27" fixedrot="true" fric="0.2" gid="8" id="43" ignoreg="true" inertia="1.0" ldamp="0.0" mass="1.0" name="RedTile4" oid="-1" pausable="true" physicsMode="0" rest="0.0" shared="false" sprite="44" static="true">
        <snippets/>
    </actor>
    <sprite atlasID="0" default="0" defaultAnimation="0" desc="" height="32" id="34" name="RedTiles" shared="false" width="32">
        <anim across="1" down="1" durations="100" height="32" id="0" loop="true" name="Animation 0" numframes="1" originx="16" originy="16" sync="false" version="2" width="32">
            <poly data="4,0,0,32,0,32,32,0,32" density="0.1" fric="0.2" gid="-1000" id="0" name="Box" rest="0.0" sensor="false"/>
        </anim>
    </sprite>
    <sprite atlasID="0" default="0" defaultAnimation="0" desc="" height="32" id="40" name="RedTiles" shared="false" width="32">
        <anim across="1" down="1" durations="100" height="32" id="0" loop="true" name="Animation 0" numframes="1" originx="16" originy="16" sync="false" version="2" width="32">
            <poly data="3,31,1,32,32,1,32" density="0.1" fric="0.2" gid="-1000" id="1" name="" rest="0.0" sensor="false"/>
        </anim>
    </sprite>
    <sprite atlasID="0" default="0" defaultAnimation="0" desc="" height="32" id="42" name="RedTiles" shared="false" width="32">
        <anim across="1" down="1" durations="100" height="32" id="0" loop="true" name="Animation 0" numframes="1" originx="16" originy="16" sync="false" version="2" width="32">
            <poly data="3,0,0,32,32,0,33" density="0.1" fric="0.2" gid="-1000" id="1" name="" rest="0.0" sensor="false"/>
        </anim>
    </sprite>
    <sprite atlasID="0" default="0" defaultAnimation="0" desc="" height="32" id="44" name="RedTiles" shared="false" width="32">
        <anim across="1" down="1" durations="100" height="32" id="0" loop="true" name="Animation 0" numframes="1" originx="16" originy="16" sync="false" version="2" width="32">
            <poly data="4,0,20,32,20,32,32,0,32" density="0.1" fric="0.2" gid="-1000" id="0" name="Animation 0" rest="0.0" sensor="false"/>
        </anim>
    </sprite>
    <background atlasID="0" desc="" durations="100" dx="-0.0" dy="-0.0" height="480" id="21" name="SimpleDarkGray" numframes="1" oid="-1" repeats="false" resized="false" shared="false" width="640" xpf="1.0" ypf="1.0"/>
</pack>
