<?xml version="1.0" encoding="UTF-8" standalone="no"?>
<scene depth="1" desc="" eventsnippetid="22" extheight="544" extwidth="1344" extx="-32" exty="-32" format="3.4.0" gravx="-0.0" gravy="45.0" height="480" id="6" name="Level1" revision="" savecount="0" tiled="1" tileh="32" tilew="32" type="standard" width="1280">
    <layers>
        <color-bg blue="255" green="255" red="255"/>
        <background blendMode="normal" customScrollFactor="false" id="1" locked="true" name="Hex" opacity="100" order="1" rid="26" scrollFactorX="1.0" scrollFactorY="1.0" visible="true"/>
        <layer blendMode="normal" color="100,168,234" id="0" locked="false" name="Layer 0" opacity="100" order="0" scrollFactorX="1.0" scrollFactorY="1.0" visible="true"/>
    </layers>
    <joints/>
    <regions/>
    <terrainRegions/>
    <actors>
        <actor a="0.0" aid="33" c="false" group="9" id="35" name="GreenTiles 33" sx="1.0" sy="1.0" x="1216" y="384" z="0"/>
        <actor a="0.0" aid="34" c="false" group="9" id="35" name="GreenTiles 34" sx="1.0" sy="1.0" x="1184" y="384" z="0"/>
        <actor a="0.0" aid="35" c="true" group="0" id="0" name="Player 35" sx="1.0" sy="1.0" x="1141" y="339" z="0">
            <snippets>
                <s enabled="true" id="0"/>
                <s enabled="true" id="4">
                    <prop id="2147483647" list="0" val="thisactor"/>
                    <prop id="1" list="0" val="Walk"/>
                    <prop id="2" list="0" val="Stand"/>
                    <prop id="3" list="0" val="Jump"/>
                    <prop id="4" list="0" val="false"/>
                    <prop id="5" list="0" val="false"/>
                    <prop id="6" list="0" val="false"/>
                    <prop id="7" list="0" val="false"/>
                    <prop id="8" list="0" val="Punch"/>
                </s>
                <s enabled="false" id="13">
                    <prop id="2147483647" list="0" val="thisactor"/>
                    <prop id="1" list="0" val="8"/>
                    <prop id="2" list="0" val="Punch"/>
                    <prop id="3" list="0" val=""/>
                    <prop id="4" list="0" val="8"/>
                    <prop id="5" list="0" val="0"/>
                    <prop id="6" list="0" val="0.0"/>
                    <prop id="7" list="0" val="false"/>
                    <prop id="9" list="0" val="Stand"/>
                    <prop id="10" list="0" val="false"/>
                    <prop id="11" list="0" val="0.0"/>
                </s>
            </snippets>
        </actor>
        <actor a="0.0" aid="36" c="true" group="4" id="2" name="Enemy 36" sx="1.0" sy="1.0" x="370" y="274" z="0">
            <snippets>
                <s enabled="true" id="1"/>
                <s enabled="true" id="5">
                    <prop id="2147483647" list="0" val="thisactor"/>
                    <prop id="1" list="0" val=""/>
                    <prop id="2" list="0" val="false"/>
                    <prop id="3" list="0" val="Punch"/>
                    <prop id="4" list="0" val="Stand"/>
                    <prop id="5" list="0" val="6"/>
                    <prop id="6" list="0" val="0"/>
                    <prop id="7" list="0" val="0"/>
                    <prop id="8" list="0" val="600"/>
                    <prop id="9" list="0" val="0"/>
                </s>
                <s enabled="true" id="14">
                    <prop id="2147483647" list="0" val="thisactor"/>
                    <prop id="1" list="0" val="Death"/>
                    <prop id="2" list="0" val="Death 2"/>
                    <prop id="3" list="0" val="Death 3"/>
                </s>
            </snippets>
        </actor>
        <actor a="0.0" aid="37" c="true" group="4" id="2" name="Enemy 37" sx="1.0" sy="1.0" x="787" y="241" z="0">
            <snippets>
                <s enabled="true" id="1"/>
                <s enabled="true" id="5">
                    <prop id="2147483647" list="0" val="thisactor"/>
                    <prop id="1" list="0" val=""/>
                    <prop id="2" list="0" val="false"/>
                    <prop id="3" list="0" val="Punch"/>
                    <prop id="4" list="0" val="Stand"/>
                    <prop id="5" list="0" val="6"/>
                    <prop id="6" list="0" val="0"/>
                    <prop id="7" list="0" val="0"/>
                    <prop id="8" list="0" val="600"/>
                    <prop id="9" list="0" val="0"/>
                </s>
                <s enabled="true" id="14">
                    <prop id="2147483647" list="0" val="thisactor"/>
                    <prop id="1" list="0" val="Death"/>
                    <prop id="2" list="0" val="Death 2"/>
                    <prop id="3" list="0" val="Death 3"/>
                </s>
            </snippets>
        </actor>
        <actor a="0.0" aid="39" c="false" group="8" id="33" name="RedTile1 39" sx="1.0" sy="1.0" x="256" y="384" z="0"/>
        <actor a="0.0" aid="40" c="false" group="8" id="33" name="RedTile1 40" sx="1.0" sy="1.0" x="288" y="384" z="0"/>
        <actor a="0.0" aid="41" c="false" group="8" id="33" name="RedTile1 41" sx="1.0" sy="1.0" x="320" y="384" z="0"/>
        <actor a="0.0" aid="42" c="false" group="8" id="33" name="RedTile1 42" sx="1.0" sy="1.0" x="352" y="384" z="0"/>
        <actor a="0.0" aid="43" c="false" group="8" id="33" name="RedTile1 43" sx="1.0" sy="1.0" x="384" y="384" z="0"/>
        <actor a="0.0" aid="44" c="false" group="8" id="33" name="RedTile1 44" sx="1.0" sy="1.0" x="416" y="384" z="0"/>
        <actor a="0.0" aid="45" c="false" group="8" id="33" name="RedTile1 45" sx="1.0" sy="1.0" x="448" y="384" z="0"/>
        <actor a="0.0" aid="46" c="false" group="8" id="33" name="RedTile1 46" sx="1.0" sy="1.0" x="480" y="384" z="0"/>
        <actor a="0.0" aid="47" c="false" group="8" id="33" name="RedTile1 47" sx="1.0" sy="1.0" x="512" y="384" z="0"/>
        <actor a="0.0" aid="48" c="false" group="8" id="33" name="RedTile1 48" sx="1.0" sy="1.0" x="544" y="384" z="0"/>
        <actor a="0.0" aid="49" c="false" group="8" id="33" name="RedTile1 49" sx="1.0" sy="1.0" x="576" y="384" z="0"/>
        <actor a="0.0" aid="50" c="false" group="8" id="33" name="RedTile1 50" sx="1.0" sy="1.0" x="608" y="384" z="0"/>
        <actor a="0.0" aid="51" c="false" group="8" id="33" name="RedTile1 51" sx="1.0" sy="1.0" x="640" y="384" z="0"/>
        <actor a="0.0" aid="52" c="false" group="8" id="33" name="RedTile1 52" sx="1.0" sy="1.0" x="672" y="384" z="0"/>
        <actor a="0.0" aid="53" c="false" group="8" id="33" name="RedTile1 53" sx="1.0" sy="1.0" x="704" y="384" z="0"/>
        <actor a="0.0" aid="54" c="false" group="8" id="33" name="RedTile1 54" sx="1.0" sy="1.0" x="736" y="384" z="0"/>
        <actor a="0.0" aid="55" c="false" group="8" id="33" name="RedTile1 55" sx="1.0" sy="1.0" x="768" y="384" z="0"/>
        <actor a="0.0" aid="56" c="false" group="8" id="33" name="RedTile1 56" sx="1.0" sy="1.0" x="800" y="384" z="0"/>
        <actor a="0.0" aid="57" c="false" group="8" id="33" name="RedTile1 57" sx="1.0" sy="1.0" x="832" y="384" z="0"/>
        <actor a="0.0" aid="58" c="false" group="8" id="33" name="RedTile1 58" sx="1.0" sy="1.0" x="864" y="384" z="0"/>
        <actor a="0.0" aid="59" c="false" group="8" id="33" name="RedTile1 59" sx="1.0" sy="1.0" x="896" y="384" z="0"/>
        <actor a="0.0" aid="60" c="false" group="8" id="33" name="RedTile1 60" sx="1.0" sy="1.0" x="928" y="384" z="0"/>
    </actors>
    <snippets>
        <s enabled="true" id="8">
            <prop id="1" list="0" val="35"/>
            <prop id="2" list="0" val="action2"/>
        </s>
    </snippets>
    <terrain>
        <p pts="4,11.840027,0.0,11.840027,31.679993,0.0,31.679993,0.0,0.0" x="916.16" y="352.0"/>
        <p pts="4,11.839996,0.0,11.839996,31.679993,0.0,31.679993,0.0,0.0" x="500.16" y="320.0"/>
        <p pts="4,11.840027,0.0,11.840027,31.679993,0.0,31.679993,0.0,0.0" x="852.16" y="320.0"/>
        <p pts="4,11.839996,0.0,11.839996,31.679993,0.0,31.679993,0.0,0.0" x="276.16" y="320.0"/>
        <p pts="4,11.840027,0.0,11.840027,31.679993,0.0,31.679993,0.0,0.0" x="852.16" y="352.0"/>
        <p pts="4,11.840027,0.0,11.840027,31.679993,0.0,31.679993,0.0,0.0" x="596.16" y="352.0"/>
        <p pts="4,11.840027,0.0,11.840027,31.679993,0.0,31.679993,0.0,0.0" x="788.16" y="288.0"/>
        <p pts="4,11.840027,0.0,11.840027,31.679993,0.0,31.679993,0.0,0.0" x="596.16" y="320.0"/>
        <p pts="4,11.839996,0.0,11.839996,31.679993,0.0,31.679993,0.0,0.0" x="468.16" y="352.0"/>
        <p pts="20,0.0,160.0,0.0,64.0,276.0,64.0,276.0,32.0,300.0,32.0,300.0,64.0,372.0,64.0,372.0,32.0,396.0,32.0,396.0,64.0,500.0,64.0,500.0,32.0,524.0,32.0,524.0,64.0,788.0,64.0,788.0,0.0,812.0,0.0,812.0,64.0,1280.0,64.0,1280.0,160.0" x="0.0" y="320.0"/>
        <p pts="4,11.839996,0.0,11.839996,31.679993,0.0,31.679993,0.0,0.0" x="372.16" y="320.0"/>
        <p pts="4,11.840027,0.0,11.840027,31.679993,0.0,31.679993,0.0,0.0" x="692.16" y="320.0"/>
        <p pts="4,11.840027,0.0,11.840027,31.679993,0.0,31.679993,0.0,0.0" x="692.16" y="352.0"/>
    </terrain>
    <atlases members="" retainAtlases="true"/>
</scene>
