<?xml version="1.0" encoding="UTF-8" standalone="no"?>
<pack>
    <snippet actorid="0" attachedevent="true" class="scripts.ActorEvents_0" classname="scripts.ActorEvents_0" desc="Actor Specific Events" description="Actor Specific Events" design="true" drawOrder="0" id="0" name="ActorEvents_0" oid="-1" package="scripts." shared="false" type="actor">
        <number default="0.0" defaultValue="0.0" desc="" dropdown="" fullname="Lifepoints" hidden="false" id="1" name="_Lifepoints" order="0"/>
        <boolean default="false" defaultValue="false" desc="" dropdown="" fullname="Damage Delay" hidden="true" id="2" name="_DamageDelay" order="1"/>
        <blocks/>
        <events>
            <event displayName="Type - Type" enabled="true" id="1" name="event-collide-typetotype" order="2" repeats="true"/>
            <event displayName="Created" enabled="true" id="2" name="init" order="1" repeats="true"/>
        </events>
    </snippet>
    <snippet actorid="2" attachedevent="true" class="scripts.ActorEvents_2" classname="scripts.ActorEvents_2" desc="Actor Specific Events" description="Actor Specific Events" design="true" drawOrder="0" id="1" name="ActorEvents_2" oid="-1" package="scripts." shared="false" type="actor">
        <blocks/>
        <events/>
    </snippet>
    <snippet attachedevent="true" class="scripts.SceneEvents_0" classname="scripts.SceneEvents_0" desc="Scene Specific Events" description="Scene Specific Events" design="true" drawOrder="0" id="3" name="SceneEvents_0" oid="-1" package="scripts." sceneid="0" shared="false" type="scene">
        <blocks/>
        <events/>
    </snippet>
    <snippet attachedevent="false" class="scripts.Design_4_4_HeroMove" classname="scripts.Design_4_4_HeroMove" desc="" description="" design="true" drawOrder="0" id="4" name="Hero Move" oid="-1" package="scripts" shared="false" type="actor">
        <actor default="thisactor" defaultValue="thisactor" desc="" dropdown="" fullname="Actor" hidden="true" id="2147483647" name="actor" order="0"/>
        <animation default="" defaultValue="" desc="" dropdown="" fullname="Walk" hidden="false" id="1" name="_Walk" order="1"/>
        <animation default="" defaultValue="" desc="" dropdown="" fullname="Idle" hidden="false" id="2" name="_Idle" order="2"/>
        <animation default="" defaultValue="" desc="" dropdown="" fullname="Jump" hidden="false" id="3" name="_Jump" order="3"/>
        <boolean default="false" defaultValue="false" desc="" dropdown="" fullname="Grounded?" hidden="true" id="4" name="_Grounded" order="4"/>
        <boolean default="false" defaultValue="false" desc="" dropdown="" fullname="In Air?" hidden="true" id="5" name="_InAir" order="5"/>
        <blocks/>
        <events>
            <event displayName="Updating" enabled="true" id="1" name="step" order="1" repeats="true"/>
            <event displayName="Actor - Group" enabled="true" id="2" name="event-collide-actortogroup" order="2" repeats="true"/>
        </events>
    </snippet>
    <snippet attachedevent="false" class="scripts.Design_5_5_EnemyBehaviour" classname="scripts.Design_5_5_EnemyBehaviour" desc="" description="" design="true" drawOrder="0" id="5" name="Enemy Behaviour" oid="-1" package="scripts" shared="false" type="actor">
        <actor default="thisactor" defaultValue="thisactor" desc="" dropdown="" fullname="Actor" hidden="true" id="2147483647" name="actor" order="0"/>
        <actor default="" defaultValue="" desc="" dropdown="" fullname="Player Actor" hidden="true" id="1" name="_PlayerActor" order="1"/>
        <boolean default="false" defaultValue="false" desc="" dropdown="" fullname="Attack Delay" hidden="true" id="2" name="_AttackDelay" order="3"/>
        <animation default="" defaultValue="" desc="" dropdown="" fullname="Attack Animation" hidden="false" id="3" name="_AttackAnimation" order="4"/>
        <animation default="" defaultValue="" desc="" dropdown="" fullname="Idle Animation" hidden="false" id="4" name="_IdleAnimation" order="5"/>
        <actortype default="" defaultValue="" desc="" dropdown="" fullname="Bullet Actor" hidden="false" id="5" name="_BulletActor" order="6"/>
        <number default="0" defaultValue="0" desc="" dropdown="" fullname="Bullet Y Offset" hidden="false" id="6" name="_BulletYOffset" order="7"/>
        <number default="0.0" defaultValue="0.0" desc="" dropdown="" fullname="X Direction" hidden="true" id="7" name="_XDirection" order="8"/>
        <number default="0" defaultValue="0" desc="" dropdown="" fullname="Fire Range" hidden="false" id="8" name="_FireRange" order="2"/>
        <number default="0.0" defaultValue="0.0" desc="" dropdown="" fullname="Bullet Force" hidden="true" id="9" name="_BulletForce" order="9"/>
        <blocks/>
        <events>
            <event displayName="Updating" enabled="true" id="1" name="step" order="3" repeats="true"/>
            <event displayName="Created" enabled="true" id="2" name="init" order="7" repeats="true"/>
        </events>
    </snippet>
    <snippet actorid="6" attachedevent="true" class="scripts.ActorEvents_6" classname="scripts.ActorEvents_6" desc="Actor Specific Events" description="Actor Specific Events" design="true" drawOrder="0" id="6" name="ActorEvents_6" oid="-1" package="scripts." shared="false" type="actor">
        <number default="0.0" defaultValue="0.0" desc="" dropdown="" fullname="Speed" hidden="false" id="1" name="_Speed" order="0"/>
        <number default="0.0" defaultValue="0.0" desc="" dropdown="" fullname="Bullet Force" hidden="true" id="2" name="_BulletForce" order="1"/>
        <blocks/>
        <events>
            <event displayName="Updating" enabled="true" id="1" name="step" order="1" repeats="true"/>
            <event displayName="Type - Type" enabled="true" id="2" name="event-collide-typetotype" order="2" repeats="true"/>
        </events>
    </snippet>
    <snippet attachedevent="false" class="scripts.Design_7_7_LifepointManager" classname="scripts.Design_7_7_LifepointManager" desc="" description="" design="true" drawOrder="0" id="7" name="Lifepoint Manager" oid="-1" package="scripts" shared="false" type="scene">
        <number default="0" defaultValue="0" desc="" dropdown="" fullname="Lifepoints" hidden="false" id="1" name="_Lifepoints" order="0"/>
        <boolean default="false" defaultValue="false" desc="" dropdown="" fullname="Damage Delay" hidden="true" id="2" name="_DamageDelay" order="1"/>
        <actor default="" defaultValue="" desc="" dropdown="" fullname="Player" hidden="false" id="3" name="_Player" order="2"/>
        <blocks/>
        <events>
            <event displayName="Type - Type" enabled="false" id="1" name="event-collide-typetotype" order="1" repeats="true"/>
        </events>
    </snippet>
    <snippet attachedevent="false" class="scripts.Design_8_8_sceneManger" classname="scripts.Design_8_8_sceneManger" desc="" description="" design="true" drawOrder="0" id="8" name="sceneManger" oid="-1" package="scripts" shared="false" type="scene">
        <actor default="" defaultValue="" desc="" dropdown="" fullname="Player Actor" hidden="false" id="1" name="_PlayerActor" order="0"/>
        <blocks/>
        <events>
            <event displayName="Enters Screen" enabled="true" id="1" name="event-type-screen" order="1" repeats="true"/>
        </events>
    </snippet>
    <snippet attachedevent="false" class="scripts.Design_9_9_LifePickupItem" classname="scripts.Design_9_9_LifePickupItem" desc="" description="" design="true" drawOrder="0" id="9" name="LifePickupItem" oid="-1" package="scripts" shared="false" type="actor">
        <actor default="thisactor" defaultValue="thisactor" desc="" dropdown="" fullname="Actor" hidden="true" id="2147483647" name="actor" order="0"/>
        <actor default="" defaultValue="" desc="" dropdown="" fullname="Player Actor" hidden="true" id="1" name="_PlayerActor" order="1"/>
        <blocks/>
        <events>
            <event displayName="Created" enabled="true" id="1" name="init" order="1" repeats="true"/>
        </events>
    </snippet>
    <snippet attachedevent="false" class="scripts.Design_10_10_SlowTime" classname="scripts.Design_10_10_SlowTime" desc="" description="" design="true" drawOrder="0" id="10" name="Slow Time" oid="-1" package="scripts" shared="false" type="scene">
        <blocks/>
        <events/>
    </snippet>
    <snippet attachedevent="true" class="scripts.SceneEvents_1" classname="scripts.SceneEvents_1" desc="Scene Specific Events" description="Scene Specific Events" design="true" drawOrder="0" id="11" name="SceneEvents_1" oid="-1" package="scripts." sceneid="1" shared="false" type="scene">
        <blocks/>
        <events/>
    </snippet>
</pack>
