<?xml version="1.0" encoding="UTF-8" standalone="no"?>
<scene depth="1" desc="" eventsnippetid="11" extheight="544" extwidth="1344" extx="-32" exty="-32" format="3.4.0" gravx="-0.0" gravy="45.0" height="480" id="1" name="Wider" revision="" savecount="0" tiled="1" tileh="32" tilew="32" type="standard" width="1280">
    <layers>
        <color-bg blue="255" green="255" red="255"/>
        <background blendMode="normal" customScrollFactor="false" id="1" locked="true" name="Background" opacity="100" order="1" rid="4" scrollFactorX="1.0" scrollFactorY="1.0" visible="true"/>
        <layer blendMode="normal" color="100,168,234" id="0" locked="false" name="Layer 0" opacity="100" order="0" scrollFactorX="1.0" scrollFactorY="1.0" visible="true"/>
    </layers>
    <joints/>
    <regions/>
    <terrainRegions/>
    <actors>
        <actor a="0.0" aid="1" c="false" group="0" id="0" name="Player 1" sx="1.0" sy="1.0" x="32" y="320" z="0"/>
        <actor a="0.0" aid="2" c="false" group="4" id="2" name="Enemy 2" sx="1.0" sy="1.0" x="497" y="339" z="0"/>
        <actor a="0.0" aid="3" c="false" group="4" id="2" name="Enemy 3" sx="1.0" sy="1.0" x="690" y="339" z="0"/>
        <actor a="0.0" aid="4" c="false" group="4" id="2" name="Enemy 4" sx="1.0" sy="1.0" x="850" y="340" z="0"/>
    </actors>
    <snippets>
        <s enabled="false" id="7">
            <prop id="1" list="0" val="3"/>
            <prop id="2" list="0" val="false"/>
            <prop id="3" list="0" val="-1"/>
        </s>
        <s enabled="true" id="8">
            <prop id="1" list="0" val="1"/>
        </s>
    </snippets>
    <terrain>
        <p pts="4,1280.0,0.0,1280.0,96.0,0.0,96.0,0.0,0.0" x="0.0" y="384.0"/>
    </terrain>
    <atlases members="" retainAtlases="true"/>
</scene>
