<?xml version="1.0" encoding="UTF-8" standalone="no"?>
<scene depth="1" desc="" eventsnippetid="21" extheight="544" extwidth="1344" extx="-32" exty="-32" format="3.4.0" gravx="-0.0" gravy="45.0" height="480" id="3" name="Intro" revision="" savecount="0" tiled="1" tileh="32" tilew="32" type="standard" width="1280">
    <layers>
        <color-bg blue="255" green="255" red="255"/>
        <background blendMode="normal" customScrollFactor="false" id="1" locked="true" name="Hex" opacity="100" order="1" rid="26" scrollFactorX="1.0" scrollFactorY="1.0" visible="true"/>
        <layer blendMode="normal" color="100,168,234" id="0" locked="false" name="Layer 0" opacity="100" order="0" scrollFactorX="1.0" scrollFactorY="1.0" visible="true"/>
    </layers>
    <joints/>
    <regions/>
    <terrainRegions/>
    <actors>
        <actor a="0.0" aid="1" c="true" group="0" id="0" name="Player 1" sx="1.0" sy="1.0" x="37" y="367" z="0">
            <snippets>
                <s enabled="true" id="0">
                    <prop id="2" list="0" val="false"/>
                    <prop id="3" list="0" val="0.0"/>
                    <prop id="4" list="0" val=""/>
                    <prop id="5" list="0" val=""/>
                    <prop id="6" list="0" val="0.0"/>
                    <prop id="7" list="0" val=""/>
                    <prop id="8" list="0" val=""/>
                    <prop id="9" list="0" val=""/>
                </s>
                <s enabled="true" id="4">
                    <prop id="2147483647" list="0" val="thisactor"/>
                    <prop id="1" list="0" val="Walk"/>
                    <prop id="2" list="0" val="Stand"/>
                    <prop id="3" list="0" val="Jump"/>
                    <prop id="4" list="0" val="false"/>
                    <prop id="5" list="0" val="false"/>
                    <prop id="6" list="0" val="false"/>
                    <prop id="7" list="0" val="false"/>
                    <prop id="8" list="0" val="Punch"/>
                </s>
                <s enabled="true" id="13">
                    <prop id="2147483647" list="0" val="thisactor"/>
                    <prop id="1" list="0" val="8"/>
                    <prop id="2" list="0" val="Punch"/>
                    <prop id="3" list="0" val=""/>
                    <prop id="4" list="0" val="8"/>
                    <prop id="5" list="0" val="0"/>
                    <prop id="6" list="0" val="0.0"/>
                    <prop id="7" list="0" val="false"/>
                    <prop id="9" list="0" val="Stand"/>
                    <prop id="10" list="0" val="false"/>
                    <prop id="11" list="0" val="0.0"/>
                </s>
            </snippets>
        </actor>
        <actor a="0.0" aid="2" c="true" group="4" id="2" name="Enemy 2" sx="1.0" sy="1.0" x="677" y="369" z="0">
            <snippets>
                <s enabled="true" id="1">
                    <prop id="1" list="0" val="0.0"/>
                    <prop id="2" list="0" val=""/>
                    <prop id="3" list="0" val=""/>
                    <prop id="4" list="0" val="0.0"/>
                    <prop id="5" list="0" val="false"/>
                    <prop id="6" list="0" val=""/>
                    <prop id="7" list="0" val=""/>
                    <prop id="8" list="0" val="0.0"/>
                    <prop id="9" list="0" val="0"/>
                </s>
                <s enabled="true" id="5">
                    <prop id="2147483647" list="0" val="thisactor"/>
                    <prop id="1" list="0" val=""/>
                    <prop id="2" list="0" val="false"/>
                    <prop id="3" list="0" val="Punch"/>
                    <prop id="4" list="0" val="Stand"/>
                    <prop id="5" list="0" val="6"/>
                    <prop id="6" list="0" val="0"/>
                    <prop id="7" list="0" val="0"/>
                    <prop id="8" list="0" val="600"/>
                    <prop id="9" list="0" val="0"/>
                </s>
                <s enabled="true" id="14">
                    <prop id="2147483647" list="0" val="thisactor"/>
                    <prop id="1" list="0" val="Death"/>
                    <prop id="2" list="0" val="Death 2"/>
                    <prop id="3" list="0" val="Death 3"/>
                </s>
            </snippets>
        </actor>
        <actor a="0.0" aid="3" c="false" group="4" id="2" name="Enemy 3" sx="1.0" sy="1.0" x="1176" y="370" z="0"/>
        <actor a="0.0" aid="4" c="false" group="9" id="35" name="GreenTile 4" sx="1.0" sy="1.0" x="1216" y="416" z="0"/>
        <actor a="0.0" aid="5" c="false" group="9" id="35" name="GreenTile 5" sx="1.0" sy="1.0" x="1248" y="416" z="0"/>
    </actors>
    <snippets>
        <s enabled="true" id="8">
            <prop id="1" list="0" val="1"/>
            <prop id="2" list="0" val="No Control"/>
        </s>
    </snippets>
    <terrain>
        <p pts="4,11.839966,0.0,11.839966,31.679993,0.0,31.679993,0.0,0.0" x="1268.16" y="160.0"/>
        <p pts="4,11.839966,0.0,11.839966,31.679993,0.0,31.679993,0.0,0.0" x="1268.16" y="288.0"/>
        <p pts="4,11.839966,0.0,11.839966,31.679993,0.0,31.679993,0.0,0.0" x="1268.16" y="320.0"/>
        <p pts="4,11.839966,0.0,11.839966,31.679993,0.0,31.679993,0.0,0.0" x="1268.16" y="224.0"/>
        <p pts="4,11.839966,0.0,11.839966,31.68,0.0,31.68,0.0,0.0" x="1268.16" y="96.0"/>
        <p pts="4,11.839966,0.0,11.839966,31.68,0.0,31.68,0.0,0.0" x="1268.16" y="64.0"/>
        <p pts="4,11.839966,0.0,11.839966,31.679993,0.0,31.679993,0.0,0.0" x="1268.16" y="192.0"/>
        <p pts="4,11.839966,0.0,11.839966,31.679993,0.0,31.679993,0.0,0.0" x="1268.16" y="256.0"/>
        <p pts="4,11.839966,0.0,11.839966,31.679993,0.0,31.679993,0.0,0.0" x="1268.16" y="128.0"/>
        <p pts="4,0.0,64.0,0.0,0.0,1280.0,0.0,1280.0,64.0" x="0.0" y="416.0"/>
        <p pts="4,11.839966,0.0,11.839966,31.679993,0.0,31.679993,0.0,0.0" x="1268.16" y="384.0"/>
        <p pts="4,11.839966,0.0,11.839966,31.679993,0.0,31.679993,0.0,0.0" x="1268.16" y="352.0"/>
        <p pts="4,11.839966,0.0,11.839966,31.68,0.0,31.68,0.0,0.0" x="1268.16" y="32.0"/>
        <p pts="4,11.839966,0.0,11.839966,31.68,0.0,31.68,0.0,0.0" x="1268.16" y="0.0"/>
    </terrain>
    <atlases members="" retainAtlases="true"/>
</scene>
