<?xml version="1.0" encoding="UTF-8" standalone="no"?>
<scene depth="1" desc="" eventsnippetid="28" extheight="544" extwidth="1984" extx="-32" exty="-32" format="3.4.0" gravx="-0.0" gravy="45.0" height="480" id="5" name="Level 3" revision="" savecount="0" tiled="1" tileh="32" tilew="32" type="standard" width="1920">
    <layers>
        <color-bg blue="255" green="255" red="255"/>
        <background blendMode="normal" customScrollFactor="false" id="2" locked="true" name="Dark Hex" opacity="100" order="1" rid="45" scrollFactorX="1.0" scrollFactorY="1.0" visible="true"/>
        <layer blendMode="normal" color="100,168,234" id="0" locked="false" name="Layer 0" opacity="100" order="0" scrollFactorX="1.0" scrollFactorY="1.0" visible="true"/>
    </layers>
    <joints/>
    <regions/>
    <terrainRegions/>
    <actors>
        <actor a="0.0" aid="1" c="false" group="4" id="2" name="Enemy 1" sx="1.0" sy="1.0" x="455" y="250" z="0"/>
        <actor a="0.0" aid="2" c="false" group="4" id="2" name="Enemy 2" sx="1.0" sy="1.0" x="572" y="77" z="0"/>
        <actor a="0.0" aid="3" c="false" group="8" id="39" name="RedTile2 3" sx="1.0" sy="1.0" x="480" y="416" z="0"/>
        <actor a="0.0" aid="4" c="false" group="8" id="33" name="RedTile1 4" sx="1.0" sy="1.0" x="448" y="448" z="0"/>
        <actor a="0.0" aid="5" c="false" group="8" id="33" name="RedTile1 5" sx="1.0" sy="1.0" x="416" y="448" z="0"/>
        <actor a="0.0" aid="6" c="false" group="8" id="33" name="RedTile1 6" sx="1.0" sy="1.0" x="384" y="448" z="0"/>
        <actor a="0.0" aid="7" c="false" group="8" id="33" name="RedTile1 7" sx="1.0" sy="1.0" x="352" y="448" z="0"/>
        <actor a="0.0" aid="8" c="false" group="8" id="33" name="RedTile1 8" sx="1.0" sy="1.0" x="320" y="448" z="0"/>
        <actor a="0.0" aid="9" c="false" group="8" id="33" name="RedTile1 9" sx="1.0" sy="1.0" x="288" y="448" z="0"/>
        <actor a="0.0" aid="10" c="false" group="8" id="33" name="RedTile1 10" sx="1.0" sy="1.0" x="256" y="448" z="0"/>
        <actor a="0.0" aid="11" c="false" group="8" id="41" name="RedTile3 11" sx="1.0" sy="1.0" x="256" y="416" z="0"/>
        <actor a="0.0" aid="19" c="false" group="8" id="43" name="RedTile4 19" sx="1.0" sy="1.0" x="864" y="448" z="0"/>
        <actor a="0.0" aid="20" c="false" group="8" id="43" name="RedTile4 20" sx="1.0" sy="1.0" x="896" y="448" z="0"/>
        <actor a="0.0" aid="21" c="false" group="8" id="43" name="RedTile4 21" sx="1.0" sy="1.0" x="928" y="448" z="0"/>
        <actor a="0.0" aid="22" c="false" group="8" id="43" name="RedTile4 22" sx="1.0" sy="1.0" x="960" y="448" z="0"/>
        <actor a="0.0" aid="23" c="false" group="8" id="43" name="RedTile4 23" sx="1.0" sy="1.0" x="992" y="448" z="0"/>
        <actor a="0.0" aid="24" c="false" group="8" id="43" name="RedTile4 24" sx="1.0" sy="1.0" x="1024" y="448" z="0"/>
        <actor a="0.0" aid="25" c="false" group="8" id="43" name="RedTile4 25" sx="1.0" sy="1.0" x="1056" y="448" z="0"/>
        <actor a="0.0" aid="26" c="false" group="8" id="43" name="RedTile4 26" sx="1.0" sy="1.0" x="1088" y="448" z="0"/>
        <actor a="0.0" aid="27" c="false" group="8" id="43" name="RedTile4 27" sx="1.0" sy="1.0" x="1120" y="448" z="0"/>
        <actor a="0.0" aid="28" c="false" group="8" id="43" name="RedTile4 28" sx="1.0" sy="1.0" x="1152" y="448" z="0"/>
        <actor a="0.0" aid="29" c="false" group="8" id="43" name="RedTile4 29" sx="1.0" sy="1.0" x="1184" y="448" z="0"/>
        <actor a="0.0" aid="30" c="false" group="8" id="43" name="RedTile4 30" sx="1.0" sy="1.0" x="1216" y="448" z="0"/>
        <actor a="0.0" aid="31" c="false" group="8" id="43" name="RedTile4 31" sx="1.0" sy="1.0" x="1248" y="448" z="0"/>
        <actor a="0.0" aid="32" c="false" group="8" id="43" name="RedTile4 32" sx="1.0" sy="1.0" x="1280" y="448" z="0"/>
        <actor a="0.0" aid="33" c="false" group="8" id="43" name="RedTile4 33" sx="1.0" sy="1.0" x="1312" y="448" z="0"/>
        <actor a="0.0" aid="34" c="false" group="8" id="43" name="RedTile4 34" sx="1.0" sy="1.0" x="1344" y="448" z="0"/>
        <actor a="0.0" aid="35" c="false" group="8" id="43" name="RedTile4 35" sx="1.0" sy="1.0" x="1376" y="448" z="0"/>
        <actor a="0.0" aid="36" c="false" group="8" id="43" name="RedTile4 36" sx="1.0" sy="1.0" x="1408" y="448" z="0"/>
        <actor a="0.0" aid="37" c="false" group="8" id="43" name="RedTile4 37" sx="1.0" sy="1.0" x="1440" y="448" z="0"/>
        <actor a="0.0" aid="38" c="false" group="8" id="33" name="RedTile1 38" sx="1.0" sy="1.0" x="1632" y="448" z="0"/>
        <actor a="0.0" aid="39" c="false" group="8" id="33" name="RedTile1 39" sx="1.0" sy="1.0" x="1696" y="448" z="0"/>
        <actor a="0.0" aid="40" c="false" group="8" id="33" name="RedTile1 40" sx="1.0" sy="1.0" x="1728" y="448" z="0"/>
        <actor a="0.0" aid="41" c="false" group="8" id="33" name="RedTile1 41" sx="1.0" sy="1.0" x="1760" y="448" z="0"/>
        <actor a="0.0" aid="42" c="false" group="8" id="33" name="RedTile1 42" sx="1.0" sy="1.0" x="1664" y="448" z="0"/>
        <actor a="0.0" aid="43" c="false" group="8" id="39" name="RedTile2 43" sx="1.0" sy="1.0" x="1760" y="416" z="0"/>
        <actor a="0.0" aid="44" c="false" group="9" id="35" name="GreenTile 44" sx="1.0" sy="1.0" x="1856" y="288" z="0"/>
        <actor a="0.0" aid="45" c="false" group="9" id="35" name="GreenTile 45" sx="1.0" sy="1.0" x="1824" y="288" z="0"/>
        <actor a="0.0" aid="46" c="false" group="4" id="2" name="Enemy 46" sx="1.0" sy="1.0" x="1895" y="241" z="0"/>
        <actor a="0.0" aid="47" c="false" group="4" id="2" name="Enemy 47" sx="1.0" sy="1.0" x="1609" y="369" z="0"/>
        <actor a="0.0" aid="48" c="false" group="4" id="2" name="Enemy 48" sx="1.0" sy="1.0" x="1348" y="37" z="0"/>
        <actor a="0.0" aid="50" c="false" group="0" id="0" name="Player 50" sx="1.0" sy="1.0" x="33" y="401" z="0"/>
        <actor a="0.0" aid="51" c="false" group="8" id="43" name="RedTile4 51" sx="1.0" sy="1.0" x="576" y="448" z="0"/>
        <actor a="0.0" aid="52" c="false" group="8" id="43" name="RedTile4 52" sx="1.0" sy="1.0" x="608" y="448" z="0"/>
        <actor a="0.0" aid="53" c="false" group="8" id="43" name="RedTile4 53" sx="1.0" sy="1.0" x="640" y="448" z="0"/>
        <actor a="0.0" aid="54" c="false" group="8" id="43" name="RedTile4 54" sx="1.0" sy="1.0" x="672" y="448" z="0"/>
        <actor a="0.0" aid="55" c="false" group="8" id="43" name="RedTile4 55" sx="1.0" sy="1.0" x="704" y="448" z="0"/>
        <actor a="0.0" aid="56" c="false" group="8" id="43" name="RedTile4 56" sx="1.0" sy="1.0" x="736" y="448" z="0"/>
        <actor a="0.0" aid="58" c="false" group="8" id="43" name="RedTile4 58" sx="1.0" sy="1.0" x="832" y="448" z="0"/>
    </actors>
    <snippets>
        <s enabled="true" id="8">
            <prop id="1" list="0" val="50"/>
            <prop id="2" list="0" val="action2"/>
        </s>
    </snippets>
    <terrain>
        <p pts="4,31.680054,0.0,31.680054,11.839996,0.0,11.839996,0.0,0.0" x="1344.0" y="84.16"/>
        <p pts="4,31.679993,0.0,31.679993,11.839996,0.0,11.839996,0.0,0.0" x="992.0" y="212.16"/>
        <p pts="4,11.840027,0.0,11.840027,31.68,0.0,31.68,0.0,0.0" x="948.16" y="0.0"/>
        <p pts="4,31.680054,0.0,31.680054,11.839996,0.0,11.839996,0.0,0.0" x="1632.0" y="362.56"/>
        <p pts="4,31.679993,0.0,31.679993,11.839996,0.0,11.839996,0.0,0.0" x="960.0" y="116.16"/>
        <p pts="4,11.839966,0.0,11.839966,31.68,0.0,31.68,0.0,0.0" x="1908.16" y="0.0"/>
        <p pts="4,11.839966,0.0,11.839966,31.68,0.0,31.68,0.0,0.0" x="1876.16" y="0.0"/>
        <p pts="4,31.679993,0.0,31.679993,11.839996,0.0,11.839996,0.0,0.0" x="320.0" y="330.56"/>
        <p pts="8,12.0,32.0,0.0,32.0,0.0,0.0,44.0,0.0,44.0,64.0,24.0,64.0,24.0,96.0,12.0,96.0" x="724.0" y="0.0"/>
        <p pts="4,11.839966,0.0,11.839966,31.68,0.0,31.68,0.0,0.0" x="1440.0" y="0.0"/>
        <p pts="4,31.679993,0.0,31.679993,11.839996,0.0,11.839996,0.0,0.0" x="928.0" y="244.16"/>
        <p pts="4,31.679993,0.0,31.679993,11.839996,0.0,11.839996,0.0,0.0" x="384.0" y="180.16"/>
        <p pts="4,31.680054,0.0,31.680054,11.839996,0.0,11.839996,0.0,0.0" x="1376.0" y="84.16"/>
        <p pts="4,31.680054,0.0,31.680054,11.839996,0.0,11.839996,0.0,0.0" x="1120.0" y="84.16"/>
        <p pts="8,32.0,20.0,32.0,32.0,96.0,32.0,128.0,0.0,160.0,0.0,160.0,64.0,0.0,64.0,0.0,20.0" x="1472.0" y="416.0"/>
        <p pts="4,31.680054,0.0,31.680054,11.839996,0.0,11.839996,0.0,0.0" x="1248.0" y="372.16"/>
        <p pts="4,11.839966,0.0,11.839966,31.68,0.0,31.68,0.0,0.0" x="1908.16" y="32.0"/>
        <p pts="4,11.839996,0.0,11.839996,31.68,0.0,31.68,0.0,0.0" x="64.0" y="32.0"/>
        <p pts="4,31.680054,0.0,31.680054,11.839996,0.0,11.839996,0.0,0.0" x="1696.0" y="330.56"/>
        <p pts="4,31.680054,0.0,31.680054,11.839996,0.0,11.839996,0.0,0.0" x="1088.0" y="84.16"/>
        <p pts="7,20.0,96.0,20.0,64.0,0.0,64.0,0.0,0.0,32.0,0.0,32.0,128.0,20.0,128.0" x="896.0" y="0.0"/>
        <p pts="6,256.0,160.0,0.0,160.0,0.0,128.0,96.0,128.0,224.0,0.0,256.0,0.0" x="0.0" y="320.0"/>
        <p pts="4,31.679993,0.0,31.679993,11.839996,0.0,11.839996,0.0,0.0" x="480.0" y="244.16"/>
        <p pts="4,11.839966,0.0,11.839966,31.68,0.0,31.68,0.0,0.0" x="1908.16" y="64.0"/>
        <p pts="4,31.680054,0.0,31.680054,11.839996,0.0,11.839996,0.0,0.0" x="1056.0" y="180.16"/>
        <p pts="4,31.679993,0.0,31.679993,11.839996,0.0,11.839996,0.0,0.0" x="448.0" y="298.56"/>
        <p pts="4,31.679993,0.0,31.679993,11.839996,0.0,11.839996,0.0,0.0" x="288.0" y="330.56"/>
        <p pts="4,31.680054,0.0,31.680054,11.839996,0.0,11.839996,0.0,0.0" x="1152.0" y="84.16"/>
        <p pts="6,32.0,0.0,32.0,128.0,12.0,128.0,12.0,192.0,0.0,192.0,0.0,0.0" x="1472.0" y="0.0"/>
        <p pts="4,31.679993,0.0,31.679993,11.839996,0.0,11.839996,0.0,0.0" x="352.0" y="148.16"/>
        <p pts="8,32.0,32.0,0.0,0.0,128.0,0.0,96.0,32.0,96.0,352.0,0.0,352.0,0.0,320.0,32.0,320.0" x="480.0" y="128.0"/>
        <p pts="7,20.0,64.0,20.0,32.0,0.0,32.0,0.0,0.0,32.0,0.0,32.0,96.0,20.0,96.0" x="1824.0" y="0.0"/>
        <p pts="4,31.680054,0.0,31.680054,11.839996,0.0,11.839996,0.0,0.0" x="1376.0" y="404.16"/>
        <p pts="5,32.0,32.0,0.0,0.0,160.0,0.0,160.0,192.0,32.0,192.0" x="1760.0" y="288.0"/>
        <p pts="9,12.0,32.0,0.0,32.0,0.0,0.0,44.0,0.0,44.0,64.0,24.0,64.0,24.0,128.0,24.0,160.0,12.0,160.0" x="180.0" y="0.0"/>
        <p pts="4,11.839996,0.0,11.839996,31.68,0.0,31.68,0.0,0.0" x="64.0" y="0.0"/>
        <p pts="6,32.0,32.0,0.0,0.0,128.0,0.0,96.0,32.0,96.0,192.0,32.0,192.0" x="736.0" y="288.0"/>
        <p pts="4,31.680054,0.0,31.680054,11.839996,0.0,11.839996,0.0,0.0" x="1312.0" y="84.16"/>
        <p pts="8,0.0,0.0,44.0,0.0,44.0,160.0,32.0,160.0,32.0,64.0,12.0,64.0,12.0,96.0,0.0,96.0" x="1524.0" y="0.0"/>
    </terrain>
    <atlases members="" retainAtlases="true"/>
</scene>
