<?xml version="1.0" encoding="UTF-8" standalone="no"?>
<scene depth="1" desc="" eventsnippetid="29" extheight="544" extwidth="1344" extx="-32" exty="-32" format="3.4.0" gravx="-0.0" gravy="45.0" height="480" id="7" name="Level 2" revision="" savecount="0" tiled="1" tileh="32" tilew="32" type="standard" width="1280">
    <layers>
        <color-bg blue="255" green="255" red="255"/>
        <background blendMode="normal" customScrollFactor="false" id="1" locked="true" name="Hex" opacity="100" order="1" rid="26" scrollFactorX="1.0" scrollFactorY="1.0" visible="true"/>
        <layer blendMode="normal" color="100,168,234" id="0" locked="false" name="Layer 0" opacity="100" order="0" scrollFactorX="1.0" scrollFactorY="1.0" visible="true"/>
    </layers>
    <joints/>
    <regions/>
    <terrainRegions/>
    <actors>
        <actor a="0.0" aid="1" c="false" group="8" id="33" name="RedTile1 1" sx="1.0" sy="1.0" x="256" y="384" z="0"/>
        <actor a="0.0" aid="2" c="false" group="8" id="33" name="RedTile1 2" sx="1.0" sy="1.0" x="288" y="384" z="0"/>
        <actor a="0.0" aid="3" c="false" group="8" id="33" name="RedTile1 3" sx="1.0" sy="1.0" x="320" y="384" z="0"/>
        <actor a="0.0" aid="4" c="false" group="8" id="33" name="RedTile1 4" sx="1.0" sy="1.0" x="352" y="384" z="0"/>
        <actor a="0.0" aid="5" c="false" group="8" id="33" name="RedTile1 5" sx="1.0" sy="1.0" x="352" y="384" z="0"/>
        <actor a="0.0" aid="6" c="false" group="8" id="33" name="RedTile1 6" sx="1.0" sy="1.0" x="384" y="384" z="0"/>
        <actor a="0.0" aid="7" c="false" group="8" id="33" name="RedTile1 7" sx="1.0" sy="1.0" x="416" y="384" z="0"/>
        <actor a="0.0" aid="8" c="false" group="8" id="33" name="RedTile1 8" sx="1.0" sy="1.0" x="448" y="384" z="0"/>
        <actor a="0.0" aid="9" c="false" group="8" id="33" name="RedTile1 9" sx="1.0" sy="1.0" x="480" y="384" z="0"/>
        <actor a="0.0" aid="10" c="false" group="8" id="33" name="RedTile1 10" sx="1.0" sy="1.0" x="512" y="384" z="0"/>
        <actor a="0.0" aid="11" c="false" group="8" id="33" name="RedTile1 11" sx="1.0" sy="1.0" x="544" y="384" z="0"/>
        <actor a="0.0" aid="12" c="false" group="8" id="33" name="RedTile1 12" sx="1.0" sy="1.0" x="576" y="384" z="0"/>
        <actor a="0.0" aid="13" c="false" group="8" id="33" name="RedTile1 13" sx="1.0" sy="1.0" x="608" y="384" z="0"/>
        <actor a="0.0" aid="14" c="false" group="8" id="33" name="RedTile1 14" sx="1.0" sy="1.0" x="640" y="384" z="0"/>
        <actor a="0.0" aid="15" c="false" group="8" id="33" name="RedTile1 15" sx="1.0" sy="1.0" x="672" y="384" z="0"/>
        <actor a="0.0" aid="16" c="false" group="8" id="33" name="RedTile1 16" sx="1.0" sy="1.0" x="704" y="384" z="0"/>
        <actor a="0.0" aid="17" c="false" group="8" id="33" name="RedTile1 17" sx="1.0" sy="1.0" x="736" y="384" z="0"/>
        <actor a="0.0" aid="18" c="false" group="8" id="33" name="RedTile1 18" sx="1.0" sy="1.0" x="768" y="384" z="0"/>
        <actor a="0.0" aid="19" c="false" group="8" id="33" name="RedTile1 19" sx="1.0" sy="1.0" x="800" y="384" z="0"/>
        <actor a="0.0" aid="20" c="false" group="8" id="33" name="RedTile1 20" sx="1.0" sy="1.0" x="832" y="384" z="0"/>
        <actor a="0.0" aid="21" c="false" group="8" id="33" name="RedTile1 21" sx="1.0" sy="1.0" x="928" y="384" z="0"/>
        <actor a="0.0" aid="22" c="false" group="8" id="33" name="RedTile1 22" sx="1.0" sy="1.0" x="896" y="384" z="0"/>
        <actor a="0.0" aid="23" c="false" group="8" id="33" name="RedTile1 23" sx="1.0" sy="1.0" x="864" y="384" z="0"/>
        <actor a="0.0" aid="24" c="false" group="9" id="35" name="GreenTile 24" sx="1.0" sy="1.0" x="1216" y="384" z="0"/>
        <actor a="0.0" aid="25" c="false" group="9" id="35" name="GreenTile 25" sx="1.0" sy="1.0" x="1184" y="384" z="0"/>
        <actor a="0.0" aid="26" c="false" group="4" id="2" name="Enemy 26" sx="1.0" sy="1.0" x="789" y="242" z="0"/>
        <actor a="0.0" aid="27" c="false" group="4" id="2" name="Enemy 27" sx="1.0" sy="1.0" x="371" y="274" z="0"/>
        <actor a="0.0" aid="28" c="false" group="0" id="0" name="Player 28" sx="1.0" sy="1.0" x="28" y="340" z="0"/>
    </actors>
    <snippets>
        <s enabled="true" id="8">
            <prop id="1" list="0" val="28"/>
            <prop id="2" list="0" val="action2"/>
        </s>
    </snippets>
    <terrain>
        <p pts="4,11.839996,0.0,11.839996,31.679993,0.0,31.679993,0.0,0.0" x="500.16" y="320.0"/>
        <p pts="4,11.840027,0.0,11.840027,31.679993,0.0,31.679993,0.0,0.0" x="692.16" y="320.0"/>
        <p pts="4,11.840027,0.0,11.840027,31.679993,0.0,31.679993,0.0,0.0" x="596.16" y="352.0"/>
        <p pts="4,11.840027,0.0,11.840027,31.679993,0.0,31.679993,0.0,0.0" x="916.16" y="352.0"/>
        <p pts="4,11.839996,0.0,11.839996,31.679993,0.0,31.679993,0.0,0.0" x="372.16" y="320.0"/>
        <p pts="4,11.840027,0.0,11.840027,31.679993,0.0,31.679993,0.0,0.0" x="852.16" y="352.0"/>
        <p pts="4,11.840027,0.0,11.840027,31.679993,0.0,31.679993,0.0,0.0" x="596.16" y="320.0"/>
        <p pts="4,11.840027,0.0,11.840027,31.679993,0.0,31.679993,0.0,0.0" x="692.16" y="352.0"/>
        <p pts="20,0.0,160.0,0.0,64.0,276.0,64.0,276.0,32.0,300.0,32.0,300.0,64.0,372.0,64.0,372.0,32.0,396.0,32.0,396.0,64.0,500.0,64.0,500.0,32.0,524.0,32.0,524.0,64.0,788.0,64.0,788.0,0.0,812.0,0.0,812.0,64.0,1280.0,64.0,1280.0,160.0" x="0.0" y="320.0"/>
        <p pts="4,11.840027,0.0,11.840027,31.679993,0.0,31.679993,0.0,0.0" x="852.16" y="320.0"/>
        <p pts="4,11.839996,0.0,11.839996,31.679993,0.0,31.679993,0.0,0.0" x="468.16" y="352.0"/>
        <p pts="4,11.839996,0.0,11.839996,31.679993,0.0,31.679993,0.0,0.0" x="276.16" y="320.0"/>
        <p pts="4,11.840027,0.0,11.840027,31.679993,0.0,31.679993,0.0,0.0" x="788.16" y="288.0"/>
    </terrain>
    <atlases members="" retainAtlases="true"/>
</scene>
