<?xml version="1.0" encoding="UTF-8" standalone="no"?>
<scene depth="1" desc="" eventsnippetid="23" extheight="544" extwidth="1344" extx="-32" exty="-32" format="3.4.0" gravx="-0.0" gravy="45.0" height="480" id="4" name="Level 2" revision="" savecount="0" tiled="1" tileh="32" tilew="32" type="standard" width="1280">
    <layers>
        <color-bg blue="255" green="255" red="255"/>
        <background blendMode="normal" customScrollFactor="false" id="1" locked="true" name="Hex" opacity="100" order="1" rid="26" scrollFactorX="1.0" scrollFactorY="1.0" visible="true"/>
        <layer blendMode="normal" color="100,168,234" id="0" locked="false" name="Layer 0" opacity="100" order="0" scrollFactorX="1.0" scrollFactorY="1.0" visible="true"/>
    </layers>
    <joints/>
    <regions/>
    <terrainRegions/>
    <actors>
        <actor a="0.0" aid="1" c="false" group="8" id="33" name="RedTiles 1" sx="1.0" sy="1.0" x="64" y="384" z="0"/>
        <actor a="0.0" aid="2" c="false" group="8" id="33" name="RedTiles 2" sx="1.0" sy="1.0" x="96" y="384" z="0"/>
        <actor a="0.0" aid="3" c="false" group="8" id="33" name="RedTiles 3" sx="1.0" sy="1.0" x="128" y="384" z="0"/>
        <actor a="0.0" aid="4" c="false" group="4" id="2" name="Enemy 4" sx="1.0" sy="1.0" x="392" y="274" z="0"/>
        <actor a="0.0" aid="5" c="false" group="0" id="0" name="Player 5" sx="1.0" sy="1.0" x="12" y="338" z="0"/>
        <actor a="0.0" aid="6" c="false" group="8" id="33" name="RedTiles 6" sx="1.0" sy="1.0" x="320" y="384" z="0"/>
        <actor a="0.0" aid="7" c="false" group="8" id="33" name="RedTiles 7" sx="1.0" sy="1.0" x="352" y="384" z="0"/>
        <actor a="0.0" aid="13" c="false" group="4" id="2" name="Enemy 13" sx="1.0" sy="1.0" x="631" y="263" z="0"/>
        <actor a="0.0" aid="14" c="false" group="4" id="2" name="Enemy 14" sx="1.0" sy="1.0" x="873" y="262" z="0"/>
        <actor a="0.0" aid="15" c="false" group="4" id="2" name="Enemy 15" sx="1.0" sy="1.0" x="360" y="124" z="0"/>
        <actor a="0.0" aid="18" c="false" group="8" id="33" name="RedTiles 18" sx="1.0" sy="1.0" x="800" y="384" z="0"/>
        <actor a="0.0" aid="19" c="false" group="8" id="33" name="RedTiles 19" sx="1.0" sy="1.0" x="768" y="384" z="0"/>
        <actor a="0.0" aid="20" c="false" group="8" id="33" name="RedTiles 20" sx="1.0" sy="1.0" x="736" y="384" z="0"/>
        <actor a="0.0" aid="21" c="false" group="8" id="33" name="RedTiles 21" sx="1.0" sy="1.0" x="704" y="384" z="0"/>
        <actor a="0.0" aid="22" c="false" group="8" id="33" name="RedTiles 22" sx="1.0" sy="1.0" x="672" y="384" z="0"/>
        <actor a="0.0" aid="23" c="false" group="8" id="33" name="RedTiles 23" sx="1.0" sy="1.0" x="640" y="384" z="0"/>
        <actor a="0.0" aid="24" c="false" group="8" id="33" name="RedTiles 24" sx="1.0" sy="1.0" x="608" y="384" z="0"/>
        <actor a="0.0" aid="25" c="false" group="8" id="33" name="RedTiles 25" sx="1.0" sy="1.0" x="512" y="384" z="0"/>
        <actor a="0.0" aid="26" c="false" group="8" id="33" name="RedTiles 26" sx="1.0" sy="1.0" x="480" y="384" z="0"/>
        <actor a="0.0" aid="27" c="false" group="8" id="33" name="RedTiles 27" sx="1.0" sy="1.0" x="384" y="384" z="0"/>
        <actor a="0.0" aid="28" c="false" group="8" id="33" name="RedTiles 28" sx="1.0" sy="1.0" x="416" y="384" z="0"/>
        <actor a="0.0" aid="29" c="false" group="8" id="33" name="RedTiles 29" sx="1.0" sy="1.0" x="448" y="384" z="0"/>
        <actor a="0.0" aid="30" c="false" group="8" id="33" name="RedTiles 30" sx="1.0" sy="1.0" x="288" y="384" z="0"/>
        <actor a="0.0" aid="31" c="false" group="4" id="2" name="Enemy 31" sx="1.0" sy="1.0" x="1030" y="102" z="0"/>
        <actor a="0.0" aid="32" c="false" group="9" id="35" name="GreenTile 32" sx="1.0" sy="1.0" x="1216" y="384" z="0"/>
        <actor a="0.0" aid="33" c="false" group="9" id="35" name="GreenTile 33" sx="1.0" sy="1.0" x="1184" y="384" z="0"/>
    </actors>
    <snippets>
        <s enabled="true" id="8">
            <prop id="1" list="0" val="5"/>
            <prop id="2" list="0" val="action2"/>
        </s>
    </snippets>
    <terrain>
        <p pts="4,31.679993,0.0,31.679993,11.839996,0.0,11.839996,0.0,0.0" x="544.0" y="362.56"/>
        <p pts="4,31.679993,0.0,31.679993,11.839996,0.0,11.839996,0.0,0.0" x="704.0" y="212.16"/>
        <p pts="7,0.0,32.0,0.0,0.0,12.0,0.0,12.0,20.0,44.0,20.0,44.0,32.0,12.0,32.0" x="1012.0" y="128.0"/>
        <p pts="4,31.679993,0.0,31.679993,11.839996,0.0,11.839996,0.0,0.0" x="768.0" y="128.0"/>
        <p pts="4,31.679993,0.0,31.679993,11.839996,0.0,11.839996,0.0,0.0" x="224.0" y="308.16"/>
        <p pts="4,31.679993,0.0,31.679993,11.839996,0.0,11.839996,0.0,0.0" x="128.0" y="340.16"/>
        <p pts="12,0.0,192.0,0.0,96.0,832.0,96.0,832.0,0.0,864.0,0.0,864.0,20.0,896.0,20.0,896.0,32.0,864.0,32.0,864.0,96.0,1280.0,96.0,1280.0,192.0" x="0.0" y="288.0"/>
        <p pts="4,31.679993,0.0,31.679993,11.839996,0.0,11.839996,0.0,0.0" x="160.0" y="340.16"/>
        <p pts="4,31.679993,0.0,31.679993,11.839996,0.0,11.839996,0.0,0.0" x="704.0" y="288.0"/>
        <p pts="4,31.679993,0.0,31.679993,11.839996,0.0,11.839996,0.0,0.0" x="704.0" y="128.0"/>
        <p pts="4,31.679993,0.0,31.679993,11.839996,0.0,11.839996,0.0,0.0" x="800.0" y="128.0"/>
        <p pts="8,96.0,0.0,96.0,44.0,84.0,44.0,84.0,12.0,12.0,12.0,12.0,44.0,0.0,44.0,0.0,0.0" x="352.0" y="244.0"/>
        <p pts="4,31.679993,0.0,31.679993,11.839996,0.0,11.839996,0.0,0.0" x="672.0" y="212.16"/>
        <p pts="4,31.679993,0.0,31.679993,11.839996,0.0,11.839996,0.0,0.0" x="256.0" y="308.16"/>
        <p pts="4,31.679993,0.0,31.679993,11.839996,0.0,11.839996,0.0,0.0" x="800.0" y="330.56"/>
        <p pts="4,31.679993,0.0,31.679993,11.839996,0.0,11.839996,0.0,0.0" x="352.0" y="170.56"/>
        <p pts="4,31.679993,0.0,31.679993,11.839996,0.0,11.839996,0.0,0.0" x="640.0" y="308.16"/>
        <p pts="4,31.679993,0.0,31.679993,11.839996,0.0,11.839996,0.0,0.0" x="480.0" y="308.16"/>
        <p pts="4,31.679993,0.0,31.679993,11.839996,0.0,11.839996,0.0,0.0" x="384.0" y="170.56"/>
        <p pts="4,31.679993,0.0,31.679993,11.839996,0.0,11.839996,0.0,0.0" x="288.0" y="308.16"/>
        <p pts="4,31.679993,0.0,31.679993,11.839996,0.0,11.839996,0.0,0.0" x="576.0" y="180.16"/>
        <p pts="4,31.679993,0.0,31.679993,11.839996,0.0,11.839996,0.0,0.0" x="512.0" y="308.16"/>
        <p pts="4,31.679993,0.0,31.679993,11.839996,0.0,11.839996,0.0,0.0" x="608.0" y="180.16"/>
        <p pts="4,31.679993,0.0,31.679993,11.839996,0.0,11.839996,0.0,0.0" x="736.0" y="128.0"/>
        <p pts="4,31.679993,0.0,31.679993,11.839996,0.0,11.839996,0.0,0.0" x="800.0" y="244.16"/>
        <p pts="4,31.679993,0.0,31.679993,11.839996,0.0,11.839996,0.0,0.0" x="736.0" y="288.0"/>
        <p pts="4,31.679993,0.0,31.679993,11.839996,0.0,11.839996,0.0,0.0" x="608.0" y="308.16"/>
        <p pts="4,31.679993,0.0,31.679993,11.839996,0.0,11.839996,0.0,0.0" x="384.0" y="320.0"/>
        <p pts="6,32.0,12.0,32.0,128.0,0.0,128.0,0.0,0.0,64.0,0.0,64.0,12.0" x="832.0" y="128.0"/>
    </terrain>
    <atlases members="" retainAtlases="true"/>
</scene>
