<?xml version="1.0" encoding="UTF-8" standalone="no"?>
<scene depth="1" desc="" eventsnippetid="15" extheight="544" extwidth="704" extx="-32" exty="-32" format="3.4.0" gravx="-0.0" gravy="0.0" height="480" id="2" name="Menu Screen" revision="" savecount="0" tiled="1" tileh="32" tilew="32" type="standard" width="640">
    <layers>
        <color-bg blue="0" green="0" red="0"/>
        <layer blendMode="normal" color="100,168,234" id="0" locked="false" name="Buttos" opacity="100" order="0" scrollFactorX="1.0" scrollFactorY="1.0" visible="true"/>
    </layers>
    <joints/>
    <regions/>
    <terrainRegions/>
    <actors>
        <actor a="0.0" aid="8" c="false" group="7" id="16" name="Menu Title 8" sx="1.0" sy="1.0" x="16" y="39" z="0"/>
        <actor a="0.0" aid="10" c="false" group="7" id="10" name="Menu Play 10" sx="1.0" sy="1.0" x="17" y="84" z="0"/>
        <actor a="0.0" aid="11" c="false" group="7" id="12" name="Menu Help 11" sx="1.0" sy="1.0" x="18" y="117" z="0"/>
        <actor a="0.0" aid="12" c="false" group="7" id="14" name="Menu Exit 12" sx="1.0" sy="1.0" x="17" y="149" z="0"/>
    </actors>
    <snippets/>
    <terrain/>
    <atlases members="" retainAtlases="true"/>
</scene>
